exp,subject,condition,session,cond_session,start_date,start_time,box,session_timer,tot_trials,pks_sub,pks_opt,pks_sub_TL_A,pks_sub_TL_B,pks_opt_TL_A,pks_opt_TL_B,food_sub,noFood_sub,food_opt,noFood_opt,pk1_sub,pk1_opt,FE_sub_cumLat,FE_pks_sub,FE_pks_sub_TL_A,FE_pks_sub_TL_B,FE_food_sub,FE_noFood_sub,FE_sub_num_lat,FE_opt_cumLat,FE_pks_opt,FE_pks_opt_TL_A,FE_pks_opt_TL_B,FE_food_opt,FE_noFood_opt,FE_opt_num_lat,Notes
1,1332,FR 1,1,1,220216,80818,3,673,30,4,6,32,78,55,122,1,3,3,3,,,387,10,56,180,2,8,10,110,10,171,113,5,5,10,
1,1332,FR 1,2,2,220217,80340,3,958,30,2,8,0,54,204,229,0,2,4,4,,,197,10,97,284,2,8,10,191,10,328,230,5,5,10,
1,1332,FR 1,3,3,220218,80410,3,945,30,5,5,43,136,98,186,1,4,2,3,,,87,10,123,176,2,8,9,222,10,261,240,5,5,10,
1,1332,FR 1,4,4,220221,80731,3,940,30,5,5,57,126,114,73,1,4,3,2,,,60,10,112,122,2,8,10,178,10,142,181,6,4,10,
1,1332,FR 1,5,5,220222,80450,3,942,30,7,3,58,157,47,50,1,6,2,1,,,92,10,114,121,2,8,10,212,10,176,160,5,5,10,
1,1332,FR 1,6,6,220223,81124,3,955,30,10,0,107,108,0,0,2,8,0,0,,,190,10,116,253,2,8,10,248,10,159,162,5,5,10,
1,1332,FR 1,7,7,220224,80415,3,963,30,8,2,119,86,34,46,2,6,1,1,,,34,10,112,239,2,8,10,469,10,159,219,5,5,10,
1,1332,FR 1,8,8,220225,75909,3,943,30,6,4,58,49,75,89,1,5,2,2,,,248,10,121,29,2,8,10,209,10,210,207,4,6,10,
1,1332,FR 1,9,9,220228,80941,3,936,30,8,2,114,41,0,71,2,6,1,1,,,90,10,106,14,2,8,10,204,10,147,202,4,6,10,
1,1332,FR 1,10,10,220301,80010,3,960,30,8,2,122,11,28,28,2,6,0,2,,,597,10,124,32,2,8,10,460,10,110,215,5,5,10,
1,1332,FR 1,11,11,220302,80828,3,962,30,6,4,57,1,58,58,1,5,2,2,,,625,10,108,1,2,8,10,345,10,88,200,5,5,10,
1,1332,FR 1,12,12,220304,80356,3,985,30,10,0,117,4,0,0,2,8,0,0,,,89,10,117,0,2,8,10,665,10,157,176,5,5,10,
1,1332,FR 1,13,13,220304,80356,3,985,30,10,0,117,4,0,0,2,8,0,0,,,89,10,117,0,2,8,10,665,10,157,176,5,5,10,
1,1332,FR 1,14,14,220307,80700,3,987,30,9,1,122,1,0,55,2,7,1,0,,,388,10,122,66,2,8,10,633,10,246,214,5,5,10,
1,1332,FR 1,15,15,220308,80433,3,1031,30,10,0,130,2,0,0,2,8,0,0,,,285,10,125,41,2,8,10,1190,10,239,213,5,5,10,
1,1332,FR 1,16,16,220309,80645,3,966,30,10,0,137,5,0,0,2,8,0,0,,,25,10,130,7,2,8,10,511,10,118,192,4,6,10,
1,1332,VI 30,17,1,220321,81104,3,1819,30,407,448,58,5,68,102,1,3,3,3,,,43,933,130,71,2,8,10,261,839,104,217,4,6,10,
1,1332,VI 30,18,2,220322,81028,3,1892,30,297,412,59,1,50,128,1,1,4,4,,,38,618,118,7,2,8,10,403,603,91,130,5,5,10,
1,1332,VI 30,19,3,220323,82142,3,1833,30,81,378,64,46,55,97,1,3,3,3,,,64,636,125,59,2,8,10,324,479,98,192,5,5,10,
1,1332,VI 30,20,4,220324,80414,3,1925,30,90,346,0,0,100,140,0,0,4,6,,,54,347,118,177,2,8,10,261,345,101,148,5,5,10,
1,1332,VI 30,21,5,220325,80850,3,1856,30,45,290,0,0,103,107,0,0,5,5,,,67,222,113,136,2,8,10,172,318,86,87,5,5,10,
1,1332,VI 30,22,6,220328,80904,3,1858,30,30,312,0,0,104,107,0,0,4,6,,,329,207,122,4,2,8,10,192,285,120,133,5,5,10,
1,1332,VI 30,23,7,220329,80341,3,1841,30,14,261,0,0,60,97,0,1,4,5,,,164,276,119,2,2,8,10,128,284,72,99,4,6,10,
1,1332,VI 30,24,8,220330,80929,3,1831,30,33,319,0,0,91,134,0,0,5,5,,,87,521,108,15,2,8,10,143,381,94,115,5,5,10,
1,1332,VI 30,25,9,220331,80440,3,1832,30,24,377,0,0,133,243,0,0,5,5,,,68,435,124,1,2,8,10,187,383,174,150,5,5,10,
1,1332,VI 30,26,10,220401,80900,3,1824,30,34,307,0,2,125,132,0,2,4,4,,,103,464,117,8,2,8,10,140,334,167,190,4,6,10,
1,1332,VI 30,27,11,220404,80803,3,1837,30,49,348,59,0,118,189,1,1,4,4,,,122,455,124,3,2,8,10,185,343,177,193,6,4,10,
1,1332,VI 30,28,12,220405,80142,3,1838,30,30,308,0,0,148,179,0,0,5,5,,,120,413,115,91,2,8,10,150,318,141,204,5,5,10,
1,1332,VI 30,29,13,220406,80650,3,1836,30,19,307,0,0,137,169,0,0,6,4,,,132,290,121,3,2,8,10,137,338,175,115,5,5,10,
1,1332,VI 30,30,14,220407,80536,3,1833,30,11,274,0,0,92,133,0,0,5,5,,,244,304,116,50,2,8,10,110,274,111,90,5,5,10,
1,1332,VI 30,31,15,220408,80938,3,2120,30,14,259,0,0,40,67,0,0,5,5,,,285,199,124,47,2,8,10,113,262,25,79,5,5,10,
1,1332,VI 30,32,16,220411,80551,3,1830,30,41,280,0,0,88,126,0,1,4,5,,,96,345,130,9,2,8,10,135,274,125,131,5,5,10,
1,1332,VI 30,33,17,220412,75725,3,1840,30,19,267,0,0,107,96,0,0,5,5,,,224,277,124,1,2,8,10,185,268,106,94,5,5,10,
1,1332,VI 30,34,18,220413,81012,3,1837,30,16,264,0,0,76,104,0,0,4,6,,,312,298,135,5,2,8,10,98,306,82,97,6,4,10,
1,1332,VI 30,35,19,220414,80207,3,1841,30,8,267,0,0,84,88,0,0,5,5,,,226,278,125,2,2,8,10,114,256,108,63,6,4,10,
1,1332,VI 30,36,20,220415,80655,3,1833,30,4,310,0,1,90,76,0,1,5,4,,,196,322,118,8,2,8,10,132,311,85,89,5,5,10,
1,1332,VI 30,37,21,220418,80815,3,1839,30,13,336,0,0,110,93,0,0,4,6,,,250,464,129,5,2,8,10,199,395,152,121,6,4,10,
1,1332,VI 30,38,22,220419,75909,3,1844,30,5,334,0,0,92,114,0,0,5,5,,,444,354,123,7,2,8,10,115,325,110,117,6,4,10,
1,1332,VI 30,39,23,220420,80656,3,1833,30,2,337,0,0,92,149,0,0,5,5,,,322,385,115,6,2,8,10,166,308,101,151,6,4,10,
1,1332,VI 30,40,24,220421,80401,3,1834,30,6,280,0,0,65,81,0,0,5,5,,,473,318,118,6,2,8,10,149,276,71,98,5,5,10,
1,1332,VI 30,41,25,220422,80858,3,1833,30,0,278,0,0,93,125,0,0,4,6,0,10,578,301,121,6,2,8,10,98,285,85,107,5,5,10,
1,1332,VI 30,42,26,220425,81053,3,1840,30,0,343,0,0,141,142,0,0,4,6,0,10,418,314,123,6,2,8,10,139,349,143,162,4,6,10,
1,1332,VI 30,43,27,220426,80554,3,1834,30,4,380,0,0,165,195,0,0,4,6,2,8,229,405,123,81,2,8,10,103,390,149,180,4,6,10,
1,1332,VI 30,44,28,220427,80721,3,1831,30,4,307,0,0,130,122,0,0,5,5,1,9,312,349,121,49,2,8,10,132,316,116,188,4,6,10,
1,1332,VI 30,45,29,220428,80922,3,1831,30,6,265,0,0,161,208,0,0,5,5,2,8,248,381,127,87,2,8,10,118,328,127,263,5,5,10,
1,1332,VI 30,46,30,220429,80817,3,1837,30,34,266,0,4,101,139,0,2,4,4,5,5,186,388,117,20,2,8,10,120,295,143,150,5,5,10,
1,43,FR 1,1,1,220216,80758,4,1868,30,6,4,4,2,31,27,1,5,2,2,,,14650,10,15,37,2,8,7,1132,10,39,40,5,5,4,
1,43,FR 1,2,2,220217,80320,4,1114,30,2,8,0,21,131,57,0,2,4,4,,,819,10,29,2,2,8,3,6146,10,111,81,5,5,5,
1,43,FR 1,3,3,220218,80351,4,935,30,3,7,47,1,80,93,1,2,4,3,,,2356,10,67,154,2,8,6,2827,10,107,100,5,5,5,
1,43,FR 1,4,4,220221,80713,4,1161,30,3,7,0,8,168,105,0,3,4,3,,,1402,10,85,56,2,8,4,4116,10,159,113,5,5,6,
1,43,FR 1,5,5,220222,80509,4,1003,30,1,9,0,4,220,135,0,1,4,5,,,262,10,75,15,2,8,2,5947,10,148,194,5,5,8,
1,43,FR 1,6,6,220223,81058,4,958,30,3,7,58,3,115,135,1,2,3,4,,,1383,10,113,12,2,8,4,3623,10,165,185,5,5,7,
1,43,FR 1,7,7,220224,80344,4,965,30,3,7,49,4,162,104,1,2,3,4,,,1696,10,112,7,2,8,5,4002,10,197,167,5,5,5,
1,43,FR 1,8,8,220225,75925,4,955,30,7,3,38,6,95,33,1,6,2,1,,,1194,10,73,7,2,8,6,3041,10,213,153,5,5,6,
1,43,FR 1,9,9,220228,80928,4,1005,30,8,2,25,46,62,0,1,7,1,1,,,3489,10,79,53,2,8,7,1524,10,202,128,5,5,5,
1,43,FR 1,10,10,220301,75950,4,981,30,10,0,62,20,0,0,2,8,0,0,,,2361,10,64,25,2,8,6,2468,10,165,123,5,5,6,
1,43,FR 1,11,11,220302,80813,4,974,30,8,2,84,8,0,79,2,6,1,1,,,3885,10,64,10,2,8,9,322,10,194,121,5,5,1,
1,43,FR 1,12,12,220303,80723,4,980,30,10,0,100,23,0,0,2,8,0,0,,,4091,10,92,28,2,8,6,1018,10,84,99,5,5,4,
1,43,FR 1,13,13,220304,80412,4,965,30,10,0,89,7,0,0,2,8,0,0,,,3969,10,72,2,2,8,9,1046,10,124,101,5,5,3,
1,43,FR 1,14,14,220307,80710,4,977,30,8,2,81,23,0,42,2,6,1,1,,,2732,10,76,7,2,8,5,1813,10,99,73,5,5,5,
1,43,FR 1,15,15,220308,80452,4,965,30,9,1,77,6,29,0,2,7,0,1,,,2365,10,75,6,2,8,4,2714,10,109,123,5,5,6,
1,43,FR 1,16,16,220309,80658,4,982,30,10,0,51,6,0,0,2,8,0,0,,,1516,10,70,0,2,8,3,3577,10,168,87,6,4,7,
1,43,VI 30,17,1,220321,81045,4,2400,27,274,50,32,2,63,67,1,3,2,3,,,3537,194,79,0,2,7,9,1362,180,111,124,4,4,9,
1,43,VI 30,18,2,220322,81003,4,2400,27,105,142,31,0,83,86,1,3,2,3,,,1670,52,40,0,1,8,9,4144,170,139,120,4,4,8,
1,43,VI 30,19,3,220323,81704,4,2153,30,77,120,0,0,139,136,0,2,4,4,,,3111,153,58,4,2,8,10,761,225,182,161,5,5,10,
1,43,VI 30,20,4,220324,80354,4,2125,30,50,287,0,2,227,146,0,1,4,5,,,1260,130,85,17,2,8,10,824,178,216,193,6,4,10,
1,43,VI 30,21,5,220325,80919,4,2147,30,58,263,0,0,160,117,0,2,4,4,,,3027,259,87,6,2,8,10,775,280,174,160,4,6,10,
1,43,VI 30,22,6,220328,80854,4,1960,30,95,232,32,1,147,146,1,1,4,4,,,305,256,61,1,2,8,10,903,299,192,145,5,5,10,
1,43,VI 30,23,7,220329,80324,4,1851,30,69,196,0,2,148,116,0,3,3,4,,,508,295,81,6,2,8,10,482,222,213,152,5,5,10,
1,43,VI 30,24,8,220330,80910,4,1843,30,84,265,42,3,81,140,1,3,3,3,,,219,326,86,4,2,8,10,365,262,181,179,5,5,10,
1,43,VI 30,25,9,220331,80417,4,1862,30,39,335,0,0,173,176,0,0,6,4,,,924,223,77,3,2,8,10,216,342,151,217,5,5,10,
1,43,VI 30,26,10,220401,80848,4,1843,30,45,405,35,1,155,136,1,1,4,4,,,186,376,93,8,2,8,10,461,346,200,174,5,5,10,
1,43,VI 30,27,11,220404,80753,4,1822,30,86,408,0,10,135,134,0,2,4,4,,,220,526,63,5,2,8,10,196,468,204,156,4,6,10,
1,43,VI 30,28,12,220405,80157,4,1828,30,62,401,42,0,176,169,1,0,5,4,,,144,488,63,3,2,8,10,154,489,187,210,5,5,10,
1,43,VI 30,29,13,220406,80642,4,946,30,4,6,47,1,146,110,1,3,3,3,,,2625,10,88,3,2,8,7,1296,10,281,138,5,5,4,
1,43,VI 30,30,14,220407,80520,4,1823,30,162,335,0,1,163,130,0,2,4,4,,,131,569,93,4,2,8,10,141,432,246,149,4,6,10,
1,43,VI 30,31,15,220408,80929,4,2400,27,144,233,0,0,151,53,0,2,3,3,,,1731,385,85,2,2,7,9,214,281,233,93,5,4,9,
1,43,VI 30,32,16,220411,80541,4,1836,30,109,272,42,0,168,99,1,2,3,4,,,159,480,67,1,2,8,10,323,399,238,158,5,5,10,
1,43,VI 30,33,17,220412,75711,4,1831,30,159,275,53,2,182,87,1,3,3,3,,,126,390,101,4,2,8,10,123,339,247,174,5,5,10,
1,43,VI 30,34,18,220413,81001,4,1983,30,168,239,0,39,123,55,0,4,3,3,,,1827,436,85,1,2,8,10,139,376,190,154,5,5,10,
1,43,VI 30,35,19,220414,80149,4,1838,30,96,300,46,2,173,96,1,2,4,3,,,118,443,100,5,2,8,10,179,425,259,144,5,5,10,
1,43,VI 30,36,20,220415,80646,4,1826,30,95,267,0,0,127,106,0,3,3,4,,,234,318,79,4,2,8,10,337,333,229,128,5,5,10,
1,43,VI 30,37,21,220418,80805,4,1828,30,76,287,0,4,208,120,0,1,4,5,,,154,444,66,3,2,8,10,226,405,264,119,5,5,10,
1,43,VI 30,38,22,220419,75855,4,1865,30,76,266,0,0,188,129,0,1,5,4,,,205,438,68,4,2,8,10,429,308,278,147,5,5,10,
1,43,VI 30,39,23,220420,80639,4,1826,30,104,255,36,1,204,97,1,2,3,4,,,205,406,90,3,2,8,10,195,362,246,183,5,5,10,
1,43,VI 30,40,24,220421,80344,4,1827,30,146,266,0,3,119,69,0,4,2,4,,,251,466,61,1,2,8,10,153,429,180,172,5,5,10,
1,43,VI 30,41,25,220422,80838,4,1822,30,190,275,42,1,117,114,1,2,3,4,2,8,119,502,76,3,2,8,10,117,399,195,153,5,5,10,
1,43,VI 30,42,26,220425,81043,4,1829,30,189,151,41,1,111,119,1,3,4,2,3,7,214,420,79,9,2,8,10,156,301,238,136,5,5,10,
1,43,VI 30,43,27,220426,80511,4,1828,30,214,203,45,3,80,60,1,5,2,2,0,10,249,398,92,2,2,8,10,238,336,258,147,5,5,10,
1,43,VI 30,44,28,220427,80710,4,1824,30,192,227,37,1,85,108,1,4,2,3,3,7,454,389,78,3,2,8,10,126,393,241,185,5,5,10,
1,43,VI 30,45,29,220428,80905,4,1826,30,274,196,50,4,78,28,1,6,2,1,4,6,154,423,80,28,2,8,10,141,387,227,159,5,5,10,
1,43,VI 30,46,30,220429,80803,4,1829,30,298,123,71,8,0,0,2,8,0,0,6,4,163,460,86,6,2,8,10,116,378,230,185,6,4,10,
1,1349,FR 1,1,1,220215,125533,3,671,30,7,3,44,121,43,12,2,5,2,1,,,114,10,55,187,2,8,10,377,10,119,35,5,5,10,
1,1349,FR 1,2,2,220216,124603,3,638,30,5,5,32,56,56,39,1,4,3,2,,,150,10,67,125,2,8,10,110,10,126,108,4,6,10,
1,1349,FR 1,3,3,220217,124929,3,946,30,5,5,59,43,159,97,1,4,2,3,,,180,10,128,133,2,8,10,110,10,268,231,5,5,10,
1,1349,FR 1,4,4,220218,124941,3,932,30,7,3,111,99,51,110,2,5,2,1,,,75,10,121,94,2,8,10,87,10,263,263,5,5,10,
1,1349,FR 1,5,5,220221,124616,3,934,30,10,0,111,95,0,0,2,8,0,0,,,75,10,125,61,2,8,10,182,10,304,187,5,5,10,
1,1349,FR 1,6,6,220222,125024,3,959,30,10,0,114,60,0,0,2,8,0,0,,,62,10,118,36,2,8,10,339,10,251,241,5,5,10,
1,1349,FR 1,7,7,220223,124241,3,978,30,10,0,118,20,0,0,2,8,0,0,,,762,10,124,3,2,8,9,529,10,312,219,5,5,9,
1,1349,FR 1,8,8,220224,124738,3,963,30,10,0,125,1,0,0,2,8,0,0,,,686,10,116,38,2,8,10,392,10,257,254,5,5,9,
1,1349,FR 1,9,9,220225,125047,3,972,30,10,0,123,20,0,0,2,8,0,0,,,56,10,130,17,2,8,10,518,10,353,198,5,5,10,
1,1349,FR 1,10,10,220301,124859,3,957,30,10,0,112,1,0,0,2,8,0,0,,,372,10,111,6,2,8,10,381,10,266,260,6,4,10,
1,1349,FR 1,11,11,220301,124859,3,957,30,10,0,112,1,0,0,2,8,0,0,,,372,10,111,6,2,8,10,381,10,266,260,6,4,10,
1,1349,FR 1,12,12,220302,124325,3,966,30,10,0,108,52,0,0,2,8,0,0,,,396,10,100,27,2,8,10,418,10,281,177,4,6,10,
1,1349,FR 1,13,13,220303,124603,3,981,30,10,0,113,0,0,0,2,8,0,0,,,56,10,112,7,2,8,10,673,10,269,255,5,5,10,
1,1349,FR 1,14,14,220304,124822,3,1014,30,10,0,98,7,0,0,2,8,0,0,,,358,10,114,2,2,8,9,931,10,269,266,6,4,10,
1,1349,FR 1,15,15,220307,124451,3,961,30,10,0,116,3,0,0,2,8,0,0,,,694,10,115,63,2,8,10,397,10,177,259,5,5,9,
1,1349,FR 1,16,16,220308,125224,3,966,30,10,0,112,3,0,0,2,8,0,0,,,1412,10,120,0,2,8,9,298,10,217,288,5,5,8,
1,1349,VI 30,17,1,220321,124439,3,1882,30,220,220,57,13,108,93,1,5,2,2,,,507,515,119,73,2,8,10,952,308,310,220,5,5,10,
1,1349,VI 30,18,2,220322,124740,3,1947,30,100,112,58,12,163,117,1,4,2,3,,,387,187,116,6,2,8,10,781,231,197,345,5,5,10,
1,1349,VI 30,19,3,220323,124653,3,1916,30,116,120,58,7,152,103,1,4,3,2,,,364,198,117,38,2,8,10,326,266,238,232,5,5,10,
1,1349,VI 30,20,4,220323,124653,3,1916,30,116,120,58,7,152,103,1,4,3,2,,,364,198,117,38,2,8,10,326,266,238,232,5,5,10,
1,1349,VI 30,21,5,220324,124956,3,1883,30,72,194,61,25,207,144,1,2,3,4,,,265,184,117,11,2,8,10,260,211,202,241,5,5,10,
1,1349,VI 30,22,6,220328,124523,3,1883,30,67,143,63,2,120,89,1,3,3,3,,,806,117,117,24,2,8,10,182,188,234,138,5,5,10,
1,1349,VI 30,23,7,220329,125327,3,1848,30,121,183,57,3,150,121,1,3,3,3,,,295,355,124,4,2,8,10,306,209,191,244,5,5,10,
1,1349,VI 30,24,8,220330,124037,3,1831,30,195,159,117,4,118,109,2,4,2,2,,,151,365,119,1,2,8,10,368,281,278,191,5,5,10,
1,1349,VI 30,25,9,220331,124525,3,1834,30,149,136,58,2,0,116,1,7,1,1,,,149,383,124,9,2,8,10,220,258,281,257,5,5,10,
1,1349,VI 30,26,10,220401,124547,3,1830,30,151,182,55,1,156,219,1,2,3,4,,,101,385,120,1,2,8,10,365,324,197,323,5,5,10,
1,1349,VI 30,27,11,220404,125008,3,1857,30,144,135,115,29,11,111,2,5,2,1,,,221,273,115,39,2,8,10,533,196,277,204,5,5,10,
1,1349,VI 30,28,12,220405,124759,3,1836,30,133,143,60,0,135,34,1,2,3,4,,,127,204,120,2,2,8,10,242,251,133,229,5,5,10,
1,1349,VI 30,29,13,220406,124732,3,1840,30,105,178,60,1,185,223,1,1,4,4,,,153,166,128,27,2,8,10,265,234,213,261,5,5,10,
1,1349,VI 30,30,14,220407,125508,3,1841,30,61,186,0,1,135,165,0,2,4,4,,,109,200,123,47,2,8,10,133,217,120,180,4,6,10,
1,1349,VI 30,31,15,220408,124414,3,1838,30,58,231,0,3,89,122,0,2,4,4,,,146,255,123,2,2,8,10,154,279,174,146,5,5,10,
1,1349,VI 30,32,16,220411,124744,3,1827,30,78,258,0,0,258,207,0,1,5,4,,,202,260,124,92,2,8,10,151,314,251,266,5,5,10,
1,1349,VI 30,33,17,220412,124939,3,1836,30,51,229,0,1,157,176,0,2,4,4,,,126,249,118,3,2,8,10,198,308,221,257,5,5,10,
1,1349,VI 30,34,18,220413,124407,3,1840,30,81,169,55,0,110,176,1,2,3,4,,,227,242,108,1,2,8,10,181,274,220,155,5,5,10,
1,1349,VI 30,35,19,220414,125122,3,1844,30,89,174,44,0,112,80,1,2,4,3,,,348,200,100,6,2,8,10,208,243,133,117,4,6,10,
1,1349,VI 30,36,20,220415,130122,3,1842,30,81,201,43,1,82,54,1,2,4,3,,,163,259,101,3,2,8,10,167,255,153,93,5,5,10,
1,1349,VI 30,37,21,220418,124832,3,1829,30,152,162,52,3,98,144,1,4,3,2,,,131,355,111,16,2,8,10,207,299,239,188,5,5,10,
1,1349,VI 30,38,22,220419,124626,3,1833,30,93,173,56,0,151,117,1,1,4,4,,,114,324,104,9,2,8,10,244,223,192,200,6,4,10,
1,1349,VI 30,39,23,220420,124201,3,1830,30,95,175,58,3,176,66,1,3,3,3,,,112,341,115,2,2,8,10,198,258,226,228,4,6,10,
1,1349,VI 30,40,24,220421,124739,3,1838,30,55,213,0,0,145,179,0,1,5,4,,,161,315,115,2,2,8,10,206,230,208,99,5,5,10,
1,1349,VI 30,41,25,220422,124925,3,1836,30,96,208,0,0,94,123,0,3,3,4,9,1,85,356,113,4,2,8,10,165,320,179,169,4,6,10,
1,1349,VI 30,42,26,220425,124249,3,1836,30,20,259,0,0,143,179,0,1,5,4,6,4,157,298,108,20,2,8,10,192,257,177,217,5,5,10,
1,1349,VI 30,43,27,220426,124401,3,1842,30,39,220,0,0,196,216,0,0,5,5,8,2,117,324,114,4,2,8,10,130,285,243,172,5,5,10,
1,1349,VI 30,44,28,220427,124508,3,1831,30,41,227,0,1,124,149,0,3,3,4,9,1,137,319,106,0,2,8,10,150,288,144,232,5,5,10,
1,1349,VI 30,45,29,220428,124814,3,1841,30,27,253,0,0,167,299,0,0,5,5,6,4,91,309,114,29,2,8,10,221,256,184,295,5,5,10,
1,1349,VI 30,46,30,220429,125044,3,1827,30,41,252,61,0,137,204,1,2,3,4,6,4,151,316,119,3,2,8,10,136,277,298,177,5,5,10,
1,48,FR 1,1,1,220215,125422,4,693,30,2,8,5,7,62,48,1,1,4,4,,,1643,10,29,18,2,8,6,1711,10,59,49,5,5,3,
1,48,FR 1,2,2,220216,124642,4,661,30,2,8,15,8,50,49,1,1,4,4,,,1095,10,18,1,2,8,4,2700,10,18,61,5,5,6,
1,48,FR 1,3,3,220217,124946,4,993,30,2,8,31,0,57,100,1,1,4,4,,,1627,10,65,33,2,8,4,3448,10,96,53,5,5,8,
1,48,FR 1,4,4,220218,125006,4,951,30,5,5,40,7,62,28,1,4,2,3,,,3539,10,32,49,2,8,7,812,10,74,53,5,5,3,
1,48,FR 1,5,5,220221,124633,4,960,30,4,6,0,35,15,43,0,4,4,2,,,3384,10,42,18,2,8,6,1456,10,11,45,4,6,4,
1,48,FR 1,6,6,220222,124954,4,947,30,4,6,31,2,14,15,1,3,3,3,,,1096,10,23,2,2,8,4,4129,10,10,6,5,5,6,
1,48,FR 1,7,7,220223,124256,4,944,30,5,5,27,4,1,4,1,4,2,3,,,3228,10,38,24,2,8,9,623,10,1,14,6,4,2,
1,48,FR 1,8,8,220224,124715,4,960,30,8,2,5,5,3,1,1,7,2,0,,,2778,10,28,22,2,8,8,1704,10,7,50,5,5,5,
1,48,FR 1,9,9,220225,125100,4,986,30,7,3,19,9,7,5,1,6,2,1,,,3764,10,43,28,2,8,6,1865,10,3,33,5,5,4,
1,48,FR 1,10,10,220228,124708,4,956,30,8,2,25,24,2,9,2,6,1,1,,,3268,10,15,17,2,8,6,1567,10,34,88,5,5,6,
1,48,FR 1,11,11,220301,124838,4,976,30,9,1,20,5,26,0,2,7,1,0,,,4476,10,3,5,2,8,8,318,10,32,3,6,4,3,
1,48,FR 1,12,12,220302,124352,4,984,30,8,2,27,4,3,47,2,6,0,2,,,3414,10,51,1,2,8,9,6,10,141,4,5,5,3,
1,48,FR 1,13,13,220303,124545,4,980,30,9,1,28,3,0,1,2,7,1,0,,,3478,10,45,4,2,8,8,358,10,15,3,5,5,4,
1,48,FR 1,14,14,220304,124837,4,966,30,10,0,60,2,0,0,2,8,0,0,,,4122,10,57,3,2,8,8,357,10,8,39,5,5,3,
1,48,FR 1,15,15,220307,124504,4,965,30,10,0,53,1,0,0,2,8,0,0,,,3391,10,61,1,2,8,8,308,10,95,14,5,5,3,
1,48,FR 1,16,16,220308,125148,4,967,30,9,1,51,1,1,0,2,7,1,0,,,4300,10,45,1,2,8,8,337,10,44,8,5,5,3,
1,48,VI 30,17,1,220321,124459,4,2161,30,350,32,29,47,31,4,2,5,2,1,,,169,202,23,4,2,8,10,540,98,110,59,5,5,10,
1,48,VI 30,18,2,220322,124720,4,1940,30,164,89,16,0,13,19,1,3,3,3,,,45,147,9,5,2,8,10,298,218,26,51,6,4,10,
1,48,VI 30,19,3,220323,124711,4,1917,30,75,167,32,3,42,13,1,4,3,2,,,197,74,14,5,2,8,10,355,184,21,20,5,5,10,
1,48,VI 30,20,4,220324,125013,4,1944,30,47,112,19,1,20,11,1,1,4,4,,,117,73,30,6,2,8,9,1271,134,30,8,6,4,9,
1,48,VI 30,21,5,220325,124742,4,1906,30,51,135,5,1,19,12,1,2,3,4,,,151,67,30,18,2,8,10,261,96,58,48,5,5,10,
1,48,VI 30,22,6,220328,124541,4,1929,30,67,125,11,1,21,20,1,4,2,3,,,180,107,28,1,2,8,10,738,109,24,55,5,5,10,
1,48,VI 30,23,7,220329,125350,4,1863,30,86,125,18,1,30,5,1,5,2,2,,,279,113,26,0,2,8,10,244,160,21,18,5,5,10,
1,48,VI 30,24,8,220330,124052,4,1837,30,55,152,0,0,40,34,0,2,4,4,,,155,118,47,0,2,8,10,256,172,20,56,5,5,10,
1,48,VI 30,25,9,220331,124540,4,1894,30,48,134,0,0,12,19,0,4,3,3,,,152,136,40,0,2,8,10,238,157,5,8,5,5,10,
1,48,VI 30,26,10,220401,124559,4,1918,30,45,116,1,0,12,1,1,1,4,4,,,207,99,39,24,2,8,10,184,137,1,11,5,5,10,
1,48,VI 30,27,11,220404,125259,4,1882,30,31,122,13,1,26,24,1,1,4,4,,,249,109,40,28,2,8,10,151,137,35,28,4,6,10,
1,48,VI 30,28,12,220405,124813,4,1867,30,27,143,0,7,15,37,0,3,4,3,,,174,99,42,13,2,8,10,166,141,12,26,5,5,10,
1,48,VI 30,29,13,220406,124749,4,1849,30,30,232,6,1,9,11,1,1,4,4,,,1048,128,34,6,2,8,9,254,173,24,12,5,5,9,
1,48,VI 30,30,14,220407,125520,4,1838,30,46,152,0,0,7,9,0,2,4,4,,,124,209,22,2,2,8,10,213,178,13,14,5,5,10,
1,48,VI 30,31,15,220408,124425,4,1871,30,45,172,16,4,17,6,1,3,3,3,,,114,152,42,0,2,8,10,265,209,8,38,4,6,10,
1,48,VI 30,32,16,220411,124801,4,1858,30,37,183,0,0,32,53,0,1,4,5,,,202,133,27,0,2,8,10,301,201,26,13,5,5,10,
1,48,VI 30,33,17,220412,124950,4,1879,30,18,208,0,0,36,12,0,1,4,5,,,189,121,49,0,2,8,10,157,208,30,17,5,5,10,
1,48,VI 30,34,18,220413,124422,4,1887,30,30,177,5,0,33,25,1,1,4,4,,,158,118,54,1,2,8,10,230,172,19,31,5,5,10,
1,48,VI 30,35,19,220414,125137,4,1859,30,49,172,21,0,4,18,1,3,3,3,,,211,135,46,0,2,8,10,199,211,18,9,5,5,10,
1,48,VI 30,36,20,220415,130105,4,1863,30,78,140,25,0,3,6,1,4,3,2,,,65,174,37,29,2,8,10,350,197,9,44,5,5,10,
1,48,VI 30,37,21,220418,124854,4,1850,30,55,164,9,12,7,15,1,1,4,4,,,72,196,32,0,2,8,10,326,177,22,13,4,6,10,
1,48,VI 30,38,22,220419,124636,4,1851,30,67,155,9,0,29,5,1,2,4,3,,,98,182,26,0,2,8,10,210,191,21,34,5,5,10,
1,48,VI 30,39,23,220419,124636,4,1851,30,67,155,9,0,29,5,1,2,4,3,,,98,182,26,0,2,8,10,210,191,21,34,5,5,10,
1,48,VI 30,40,24,220421,124728,4,1855,30,37,198,0,0,9,17,0,2,4,4,,,78,184,35,1,2,8,10,192,211,22,12,6,4,10,
1,48,VI 30,41,25,220422,124937,4,1880,30,30,179,0,0,37,19,0,0,5,5,6,4,90,161,43,0,2,8,10,249,216,52,17,5,5,10,
1,48,VI 30,42,26,220425,124302,4,1857,30,46,172,4,0,3,41,1,2,3,4,7,3,125,175,25,0,2,8,10,267,203,41,11,5,5,10,
1,48,VI 30,43,27,220426,124410,4,1835,30,60,168,0,0,4,7,0,2,4,4,8,2,131,197,7,0,2,8,10,256,197,16,14,5,5,10,
1,48,VI 30,44,28,220427,124527,4,1846,30,66,152,0,1,7,37,0,2,4,4,9,1,113,230,21,17,2,8,10,245,196,8,70,4,6,10,
1,48,VI 30,45,29,220428,124829,4,1875,30,48,185,0,2,4,21,0,1,4,5,7,3,116,206,43,17,2,8,10,311,222,18,8,5,5,10,
1,48,VI 30,46,30,220429,125054,4,1837,30,32,184,0,2,9,27,0,1,4,5,7,3,71,205,38,2,2,8,10,274,215,22,6,4,6,10,
1,34,FR 1,1,1,220215,151021,3,644,30,2,8,16,19,60,49,1,1,4,4,,,201,10,43,107,2,8,10,89,10,84,44,5,5,10,
1,34,FR 1,2,2,220216,150613,3,651,30,0,10,0,0,50,47,0,0,5,5,,,261,10,42,63,2,8,10,82,10,33,32,5,5,10,
1,34,FR 1,3,3,220217,150841,3,936,30,1,9,0,27,40,54,0,1,5,4,,,121,10,59,74,2,8,10,72,10,74,71,5,5,10,
1,34,FR 1,4,4,220218,150249,3,934,30,1,9,0,12,13,37,0,1,4,5,,,123,10,48,75,2,8,10,63,10,74,36,5,5,10,
1,34,FR 1,5,5,220221,150141,3,944,30,2,8,21,9,28,13,1,1,4,4,,,153,10,40,20,2,8,10,127,10,52,17,5,5,10,
1,34,FR 1,6,6,220222,150851,3,937,30,6,4,19,10,30,2,1,5,2,2,,,87,10,66,40,2,8,10,267,10,19,15,5,5,10,
1,34,FR 1,7,7,220223,150049,3,934,30,9,1,40,14,2,0,2,7,1,0,,,81,10,34,21,2,8,10,77,10,16,3,6,4,10,
1,34,FR 1,8,8,220224,151709,3,946,30,9,1,67,39,0,0,2,7,1,0,,,79,10,77,17,2,8,10,206,10,2,22,4,6,10,
1,34,FR 1,9,9,220225,150332,3,956,30,9,1,60,13,0,0,2,7,1,0,,,70,10,53,37,2,8,9,1247,10,20,24,6,4,9,
1,34,FR 1,10,10,220228,150414,3,954,30,6,4,66,17,6,5,2,4,2,2,,,186,10,75,20,2,8,10,182,10,21,17,6,4,10,
1,34,FR 1,11,11,220301,150330,3,941,30,6,4,35,28,8,3,2,4,2,2,,,124,10,50,71,2,8,10,125,10,34,26,5,5,10,
1,34,FR 1,12,12,220302,150527,3,962,30,7,3,28,11,4,0,1,6,1,2,,,119,10,61,11,2,8,10,499,10,45,13,5,5,10,
1,34,FR 1,13,13,220303,150524,3,947,30,7,3,32,11,3,4,2,5,2,1,,,143,10,29,17,2,8,9,1073,10,9,16,5,5,9,
1,34,FR 1,14,14,220304,150228,3,964,30,9,1,13,9,0,0,2,7,0,1,,,88,10,32,18,2,8,10,488,10,7,13,5,5,10,
1,34,FR 1,15,15,220307,153123,3,953,30,9,1,22,10,0,1,2,7,1,0,,,96,10,40,8,2,8,10,278,10,3,19,5,5,10,
1,34,FR 1,16,16,220308,150351,3,982,30,9,1,20,31,4,0,2,7,0,1,,,93,10,44,25,2,8,10,665,10,62,6,5,5,10,
1,34,VI 30,17,1,220321,150225,3,1921,30,59,137,0,33,72,50,0,1,4,5,,,147,125,40,42,2,8,10,314,261,91,26,6,4,10,
1,34,VI 30,18,2,220322,150319,3,2144,30,32,219,0,2,68,54,0,2,4,4,,,675,89,24,28,2,8,10,260,356,49,56,4,6,10,
1,34,VI 30,19,3,220323,150122,3,2026,30,23,329,0,0,70,37,0,0,6,4,,,304,170,45,34,2,8,10,216,370,92,56,4,6,10,
1,34,VI 30,20,4,220324,150503,3,1930,30,15,327,0,0,42,57,0,0,5,5,,,127,137,38,34,2,8,10,222,338,29,36,5,5,10,
1,34,VI 30,21,5,220325,145910,3,1932,30,15,300,0,3,34,19,0,1,4,5,,,105,159,31,28,2,8,10,249,334,21,28,5,5,10,
1,34,VI 30,22,6,220328,150210,3,1901,30,12,331,0,0,14,11,0,0,4,6,,,871,163,26,8,2,8,10,227,325,11,8,5,5,10,
1,34,VI 30,23,7,220329,150242,3,1848,30,2,398,0,0,8,2,0,0,5,5,,,595,187,49,32,2,8,10,303,353,7,9,5,5,10,
1,34,VI 30,24,8,220330,150158,3,1850,30,8,371,0,0,18,6,0,0,5,5,,,698,188,48,48,2,8,10,194,374,18,11,5,5,10,
1,34,VI 30,25,9,220331,150654,3,1878,30,12,302,0,0,21,8,0,0,6,4,,,395,244,40,16,2,8,10,230,284,17,9,5,5,10,
1,34,VI 30,26,10,220401,150611,3,1841,30,19,395,0,0,25,13,0,1,4,5,,,205,274,30,8,2,8,10,232,342,28,26,6,4,10,
1,34,VI 30,27,11,220404,151231,3,1832,30,8,435,0,0,23,30,0,0,5,5,,,161,294,39,4,2,8,10,157,409,28,35,5,5,10,
1,34,VI 30,28,12,220405,150634,3,1847,30,5,402,0,0,45,23,0,0,5,5,,,206,256,44,3,2,8,10,111,390,54,26,5,5,10,
1,34,VI 30,29,13,220406,150322,3,1830,30,5,422,0,0,19,12,0,0,5,5,,,136,277,32,14,2,8,10,188,333,20,10,5,5,10,
1,34,VI 30,30,14,220407,150554,3,1830,30,5,356,0,0,10,14,0,0,5,5,,,151,261,34,9,2,8,10,152,341,7,23,5,5,10,
1,34,VI 30,31,15,220408,145928,3,1841,30,2,303,0,0,7,9,0,0,5,5,,,139,267,38,4,2,8,10,190,288,16,8,5,5,10,
1,34,VI 30,32,16,220411,150453,3,1841,30,8,327,0,0,20,48,0,0,6,4,,,302,251,32,2,2,8,10,285,346,22,35,5,5,10,
1,34,VI 30,33,17,220412,150509,3,1829,30,15,296,0,0,11,19,0,0,5,5,,,211,207,28,5,2,8,10,292,280,23,16,5,5,10,
1,34,VI 30,34,18,220413,150051,3,1855,30,19,288,0,0,31,22,0,0,4,6,,,156,220,49,13,2,8,10,159,258,31,30,6,4,10,
1,34,VI 30,35,19,220414,150843,3,1840,30,13,331,0,0,10,2,0,0,5,5,,,236,245,36,1,2,8,10,238,318,11,17,4,6,10,
1,34,VI 30,36,20,220415,150249,3,1842,30,18,360,0,0,17,14,0,0,4,6,,,195,265,37,5,2,8,10,202,374,20,14,5,5,10,
1,34,VI 30,37,21,220418,150952,3,1838,30,11,322,0,0,27,25,0,0,4,6,,,237,287,58,33,2,8,10,187,447,36,25,5,5,10,
1,34,VI 30,38,22,220419,150138,3,1830,30,16,373,0,0,26,22,0,0,6,4,,,150,367,36,2,2,8,10,151,392,26,26,5,5,10,
1,34,VI 30,39,23,220420,150025,3,1825,30,4,438,0,0,50,27,0,0,5,5,,,175,421,25,2,2,8,10,175,400,38,28,6,4,10,
1,34,VI 30,40,24,220421,150725,3,1828,30,1,401,0,0,42,25,0,0,5,5,1,9,296,375,35,2,2,8,10,142,401,18,21,5,5,10,
1,34,VI 30,41,25,220422,145923,3,1833,30,12,374,0,0,19,40,0,0,5,5,3,7,154,413,34,1,2,8,10,93,350,29,31,5,5,10,
1,34,VI 30,42,26,220425,151024,3,1829,30,35,351,0,0,19,14,0,1,5,4,4,6,248,429,19,3,2,8,10,113,350,34,11,5,5,10,
1,34,VI 30,43,27,220426,145930,3,1832,30,38,340,19,0,21,7,1,0,5,4,2,8,126,391,13,1,2,8,10,106,364,27,18,5,5,10,
1,34,VI 30,44,28,220427,150353,3,1840,30,5,303,0,0,26,15,0,0,5,5,0,10,168,381,13,10,2,8,10,123,352,51,26,5,5,10,
1,34,VI 30,45,29,220428,150834,3,1827,30,1,396,0,0,23,36,0,0,5,5,0,10,351,349,15,1,2,8,10,89,377,21,17,5,5,10,
1,34,VI 30,46,30,220429,145319,3,1827,30,0,441,0,0,23,23,0,0,6,4,0,10,210,337,10,0,2,8,10,141,411,17,15,6,4,10,
1,42,VI 30,1,1,220216,112935,3,2400,30,20,196,0,0,4,55,0,0,5,5,,,813,299,62,84,2,8,10,400,267,37,57,4,5,10,
1,42,VI 30,2,2,220217,111942,3,1959,30,25,218,0,2,0,138,0,2,4,4,,,695,157,123,100,2,8,10,321,170,84,169,5,5,10,
1,42,VI 30,3,3,220218,113905,3,1908,30,94,164,0,2,22,111,0,3,4,3,,,355,211,110,11,2,8,10,157,232,54,161,4,6,10,
1,42,VI 30,4,4,220221,112853,3,2279,30,36,308,0,0,62,38,0,0,5,5,,,1934,110,118,10,2,8,10,111,360,64,43,5,5,9,
1,42,VI 30,5,5,220222,112224,3,1868,30,28,330,0,1,23,22,0,1,5,4,,,321,230,109,53,2,8,10,136,311,34,26,5,5,10,
1,42,VI 30,6,6,220223,111645,3,1879,30,8,428,0,0,18,33,0,0,5,5,,,641,252,108,9,2,8,10,91,373,20,42,4,6,10,
1,42,VI 30,7,7,220224,102925,3,1847,30,27,349,0,5,33,54,0,2,4,4,,,692,200,111,6,2,8,10,132,325,89,56,6,4,10,
1,42,VI 30,8,8,220225,112350,3,1972,30,7,348,0,0,108,23,0,0,5,5,,,1990,312,88,15,2,8,10,137,366,84,38,5,5,10,
1,42,VI 30,9,9,220228,110715,3,2060,30,61,282,0,1,66,64,0,2,4,4,,,1859,238,87,9,2,8,10,92,295,84,15,4,6,10,
1,42,VI 30,10,10,220301,112516,3,2161,30,30,383,0,2,23,90,0,1,4,5,,,733,245,102,7,2,8,10,119,304,86,105,5,5,10,
1,42,VI 30,11,11,220302,112122,3,1847,30,76,268,0,0,33,60,0,1,5,4,,,123,192,107,4,2,8,10,79,229,52,89,4,6,10,
1,42,VI 30,12,12,220303,111545,3,1869,30,69,226,0,0,68,73,0,1,5,4,,,258,198,107,19,2,8,10,99,222,75,91,5,5,10,
1,42,VI 30,13,13,220304,113327,3,1845,30,127,266,50,1,65,37,1,2,3,4,,,182,277,110,32,2,8,10,172,226,74,62,5,5,10,
1,42,VI 30,14,14,220307,111806,3,1839,30,90,324,54,4,47,29,1,3,3,3,,,125,327,108,19,2,8,10,84,300,86,53,5,5,10,
1,42,VI 30,15,15,220308,112253,3,1838,30,147,357,48,2,43,10,1,4,3,2,,,125,246,103,14,2,8,10,112,453,70,15,5,5,10,
1,42,VI 30,16,16,220309,112258,3,1841,30,51,402,0,0,86,31,0,1,4,5,,,244,224,86,4,2,8,10,92,431,44,26,6,4,10,
1,42,FR 1,17,1,220321,111726,3,943,30,2,8,54,1,45,38,1,1,4,4,,,175,10,102,5,2,8,10,147,10,76,67,6,4,10,
1,42,FR 1,18,2,220322,103150,3,938,30,1,9,49,0,32,59,1,0,4,5,,,101,10,109,9,2,8,10,89,10,49,45,4,6,10,
1,42,FR 1,19,3,220323,112659,3,947,30,2,8,57,0,63,31,1,1,4,4,,,88,10,102,3,2,8,10,261,10,79,76,5,5,10,
1,42,FR 1,20,4,220324,111807,3,936,30,4,6,0,2,27,40,0,4,2,4,,,701,10,101,3,2,8,9,85,10,38,64,6,4,9,
1,42,FR 1,21,5,220325,112804,3,936,30,3,7,0,2,67,27,0,3,4,3,,,82,10,95,5,2,8,10,103,10,88,60,5,5,10,
1,42,FR 1,22,6,220328,112243,3,934,30,5,5,54,3,82,20,1,4,2,3,,,70,10,98,5,2,8,10,94,10,97,48,5,5,10,
1,42,FR 1,23,7,220329,111600,3,936,30,5,5,52,3,83,20,1,4,3,2,,,84,10,102,7,2,8,10,159,10,106,46,4,6,10,
1,42,FR 1,24,8,220330,112628,3,934,30,3,7,0,2,107,44,0,3,4,3,,,81,10,117,6,2,8,10,100,10,123,81,4,6,10,
1,42,FR 1,25,9,220331,112035,3,937,30,10,0,97,8,0,0,2,8,0,0,,,727,10,114,5,2,8,10,280,10,130,115,5,5,9,
1,42,FR 1,26,10,220401,112419,3,935,30,10,0,113,8,0,0,2,8,0,0,,,74,10,113,2,2,8,10,98,10,178,143,5,5,10,
1,42,FR 1,27,11,220404,112750,3,933,30,8,2,59,51,39,30,1,7,1,1,,,65,10,117,37,2,8,10,107,10,155,65,5,5,10,
1,42,FR 1,28,12,220405,111806,3,939,30,9,1,111,31,0,10,2,7,0,1,,,85,10,114,162,2,8,10,153,10,43,65,5,5,10,
1,42,FR 1,29,13,220406,113010,3,933,30,8,2,56,16,31,3,1,7,1,1,,,227,10,115,8,2,8,10,86,10,87,115,5,5,10,
1,42,FR 1,30,14,220407,104537,3,932,30,8,2,124,3,3,3,2,6,1,1,,,73,10,110,25,2,8,10,180,10,125,91,5,5,10,
1,42,FR 1,31,15,220408,111253,3,943,30,7,3,54,4,49,28,1,6,2,1,,,97,10,114,7,2,8,10,211,10,103,83,5,5,10,
1,42,FR 1,32,16,220411,112735,3,939,30,8,2,115,6,5,27,2,6,1,1,,,720,10,122,10,2,8,9,117,10,114,120,5,5,9,
1,42,FR 1,33,17,220412,113736,3,937,30,7,3,115,4,33,26,2,5,2,1,,,81,10,115,10,2,8,10,153,10,41,186,5,5,10,
1,42,FR 1,34,18,220413,112436,3,937,30,7,3,56,5,70,18,1,6,2,1,,,671,10,102,3,2,8,9,287,10,110,107,6,4,10,
1,42,FR 1,35,19,220414,112715,3,936,30,9,1,98,8,2,0,2,7,0,1,,,59,10,103,4,2,8,9,317,10,18,18,5,5,10,
1,42,FR 1,36,20,220415,112344,3,949,30,8,2,103,3,0,20,2,6,0,2,,,160,10,101,4,2,8,10,209,10,23,96,5,5,10,
1,42,FR 1,37,21,220418,112639,3,938,30,7,3,53,7,3,6,1,6,2,1,,,83,10,109,10,2,8,10,286,10,53,95,5,5,10,
1,42,FR 1,38,22,220419,112236,3,934,30,8,2,36,20,1,6,1,7,1,1,,,1010,10,108,20,2,8,9,706,10,52,4,5,5,8,
1,42,FR 1,39,23,220420,113319,3,931,30,7,3,118,1,8,51,2,5,1,2,,,680,10,120,5,2,8,10,83,10,8,153,5,5,9,
1,42,FR 1,40,24,220421,111548,3,933,30,8,2,113,6,37,8,2,6,1,1,,,1616,10,112,2,2,8,9,78,10,53,181,5,5,8,
1,42,FR 1,41,25,220422,113307,3,935,30,7,3,60,1,49,27,1,6,1,2,,,208,10,115,4,2,8,10,108,10,138,86,5,5,10,
1,42,FR 1,42,26,220425,112231,3,939,30,10,0,94,5,0,0,2,8,0,0,,,83,10,115,2,2,8,10,154,10,73,113,6,4,10,
1,42,FR 1,43,27,220426,102510,3,938,30,5,5,55,3,55,42,1,4,3,2,,,686,10,108,9,2,8,10,107,10,48,66,5,5,9,
1,42,FR 1,44,28,220427,112604,3,936,30,7,3,102,3,35,1,2,5,1,2,,,61,10,107,5,2,8,10,127,10,154,97,5,5,10,
1,42,FR 1,45,29,220428,111148,3,953,30,6,4,53,2,36,16,1,5,2,2,,,261,10,108,5,2,8,10,85,10,115,119,6,4,10,
1,42,FR 1,46,30,220429,110724,3,938,30,7,3,110,4,18,1,2,5,2,1,,,61,10,103,7,2,8,9,1193,10,60,34,6,4,9,
1,822,VI 30,1,1,220216,112952,4,1547,30,768,17,20,21,0,2,2,7,1,0,,,134,612,20,45,2,8,10,139,372,47,40,5,5,10,
1,822,VI 30,2,2,220217,111953,4,1864,30,445,144,40,53,49,10,1,4,3,2,,,152,439,42,38,2,8,10,223,279,43,92,5,5,10,
1,822,VI 30,3,3,220218,113919,4,1874,30,182,272,0,34,43,20,0,3,4,3,,,700,304,58,45,2,8,10,301,221,60,39,5,5,10,
1,822,VI 30,4,4,220221,112841,4,1852,30,95,312,0,0,47,20,0,0,6,4,,,368,525,56,35,2,8,10,207,369,74,21,5,5,10,
1,822,VI 30,5,5,220222,112236,4,1861,30,23,285,0,0,74,26,0,0,6,4,,,473,482,14,5,2,8,10,132,308,55,23,5,5,10,
1,822,VI 30,6,6,220223,111657,4,1836,30,203,270,0,0,166,55,0,0,6,4,,,133,614,38,3,2,8,10,109,291,191,53,5,5,10,
1,822,VI 30,7,7,220224,102940,4,1843,30,66,319,0,1,96,80,0,1,4,5,,,162,418,16,6,2,8,10,179,320,90,123,6,4,10,
1,822,VI 30,8,8,220225,112404,4,1830,30,105,310,1,2,29,50,1,2,3,4,,,117,550,7,5,2,8,10,155,359,51,101,5,5,10,
1,822,VI 30,9,9,220228,110726,4,1832,30,342,173,0,1,13,16,0,3,3,4,,,102,620,3,4,2,8,10,221,224,36,6,4,6,10,
1,822,VI 30,10,10,220301,112528,4,1830,30,164,211,5,3,10,4,1,4,3,2,,,115,602,7,65,2,8,10,156,221,20,55,6,4,10,
1,822,VI 30,11,11,220302,112138,4,1827,30,164,206,0,4,33,9,0,2,4,4,,,108,691,6,2,2,8,10,256,217,20,16,5,5,10,
1,822,VI 30,12,12,220303,111557,4,1836,30,51,282,0,3,23,2,0,1,4,5,,,184,731,3,26,2,8,10,120,247,12,19,6,4,10,
1,822,VI 30,13,13,220304,113338,4,1829,30,96,221,16,1,31,15,1,3,3,3,,,143,413,5,18,2,8,10,155,305,31,21,6,4,10,
1,822,VI 30,14,14,220307,111547,4,1837,30,234,181,8,2,65,6,1,3,2,4,,,135,513,39,6,2,8,10,133,238,44,47,5,5,10,
1,822,VI 30,15,15,220308,112303,4,2040,30,119,102,0,3,32,23,0,4,3,3,,,800,544,17,2,2,8,10,191,245,39,77,4,6,10,
1,822,VI 30,16,16,220309,112310,4,1832,30,173,196,6,4,13,9,1,4,3,2,,,116,609,27,9,2,8,10,146,257,30,17,5,5,10,
1,822,FR 1,17,1,220321,111744,4,942,30,8,2,53,7,44,0,2,6,1,1,,,2157,10,65,9,2,8,7,2244,10,68,100,5,5,6,
1,822,FR 1,18,2,220322,103213,4,947,30,10,0,35,7,0,0,2,8,0,0,,,4885,10,35,2,2,8,9,641,10,88,84,5,5,3,
1,822,FR 1,19,3,220323,112711,4,953,30,10,0,30,5,0,0,2,8,0,0,,,2326,10,16,7,2,8,8,1106,10,30,65,6,4,8,
1,822,FR 1,20,4,220324,111818,4,949,30,9,1,18,8,1,0,1,8,1,0,,,3522,10,25,6,2,8,6,90,10,19,153,6,4,5,
1,822,FR 1,21,5,220325,112827,4,948,30,10,0,15,5,0,0,2,8,0,0,,,3844,10,18,3,2,8,7,693,10,46,142,5,5,3,
1,822,FR 1,22,6,220328,112304,4,956,30,10,0,7,4,0,0,2,8,0,0,,,3139,10,10,11,2,8,8,991,10,5,53,4,6,3,
1,822,FR 1,23,7,220329,111613,4,945,30,10,0,11,6,0,0,2,8,0,0,,,4187,10,7,7,2,8,9,310,10,11,42,5,5,1,
1,822,FR 1,24,8,220330,112640,4,938,30,8,2,10,6,0,3,1,7,1,1,,,2556,10,1,5,2,8,6,1544,10,18,9,5,5,5,
1,822,FR 1,25,9,220331,112045,4,934,30,9,1,3,3,4,0,2,7,0,1,,,2721,10,8,7,2,8,8,1242,10,15,18,5,5,4,
1,822,FR 1,26,10,220401,112439,4,937,30,10,0,2,4,0,0,2,8,0,0,,,3413,10,6,9,2,8,6,2218,10,17,72,5,5,5,
1,822,FR 1,27,11,220404,112809,4,947,30,10,0,5,3,0,0,2,8,0,0,,,3586,10,1,4,2,8,9,323,10,25,37,5,5,1,
1,822,FR 1,28,12,220405,111816,4,968,30,10,0,8,3,0,0,2,8,0,0,,,4242,10,9,6,2,8,6,1423,10,15,51,5,5,4,
1,822,FR 1,29,13,220406,113019,4,1086,30,10,0,4,7,0,0,2,8,0,0,,,2646,10,1,4,2,8,6,2191,10,19,7,5,5,4,
1,822,FR 1,30,14,220407,104546,4,1309,30,10,0,0,4,0,0,2,8,0,0,,,3883,10,2,4,2,8,6,1827,10,1,27,5,5,3,
1,6,VI 30,1,1,220215,135308,3,1555,30,218,109,20,49,38,36,1,3,2,4,,,373,270,38,140,2,8,10,457,210,64,64,6,4,10,
1,6,VI 30,2,2,220216,135720,3,1573,30,53,318,0,30,27,15,0,2,4,4,,,210,180,37,88,2,8,10,193,294,44,57,5,5,10,
1,6,VI 30,3,3,220217,135257,3,1913,30,36,272,12,10,46,34,1,1,4,4,,,748,137,28,66,2,8,10,266,280,46,64,5,5,10,
1,6,VI 30,4,4,220218,135206,3,1926,30,33,411,0,18,30,57,0,2,4,4,,,368,94,17,58,2,8,10,115,211,49,64,5,5,10,
1,6,VI 30,5,5,220221,135735,3,1869,30,13,413,0,0,31,62,0,0,5,5,,,208,189,31,96,2,8,10,281,282,30,57,5,5,10,
1,6,VI 30,6,6,220222,135057,3,1937,30,17,271,0,40,27,58,0,2,4,4,,,292,106,34,92,2,8,10,127,228,47,74,5,5,10,
1,6,VI 30,7,7,220223,135518,3,1864,30,17,275,0,0,79,90,0,0,6,4,,,148,140,32,93,2,8,10,175,325,67,88,5,5,10,
1,6,VI 30,8,8,220224,135537,3,1873,30,30,355,0,0,34,52,0,0,5,5,,,222,125,26,102,2,8,10,87,265,34,47,5,5,10,
1,6,VI 30,9,9,220225,135519,3,1880,30,15,281,0,19,24,45,0,2,4,4,,,456,121,20,98,2,8,10,237,273,22,50,5,5,10,
1,6,VI 30,10,10,220228,135434,3,1857,30,67,251,19,15,45,26,1,2,3,4,,,141,194,22,89,2,8,10,74,260,48,82,4,6,10,
1,6,VI 30,11,11,220301,135440,3,1836,30,40,259,0,0,35,69,0,0,5,5,,,200,134,35,165,2,8,10,107,330,37,75,5,5,10,
1,6,VI 30,12,12,220302,135821,3,1893,30,28,247,21,0,33,54,1,0,4,5,,,151,208,25,88,2,8,10,178,237,41,63,5,5,10,
1,6,VI 30,13,13,220303,135702,3,1857,30,28,305,18,5,24,43,1,1,4,4,,,141,277,15,35,2,8,10,115,321,29,45,5,5,10,
1,6,VI 30,14,14,220304,135212,3,1852,30,45,243,21,3,14,38,1,1,4,4,,,117,221,22,19,2,8,10,81,336,26,23,5,5,10,
1,6,VI 30,15,15,220307,135136,3,1848,30,19,226,0,0,13,42,0,0,6,4,,,134,222,33,60,2,8,10,168,271,10,62,5,5,10,
1,6,VI 30,16,16,220308,135325,3,1842,30,11,283,0,8,24,61,0,2,4,4,,,107,251,25,8,2,8,10,166,264,22,61,4,6,10,
1,6,FR 1,17,1,220321,135328,3,937,30,4,6,0,17,29,96,0,4,3,3,,,107,10,40,7,2,8,10,124,10,69,143,5,5,10,
1,6,FR 1,18,2,220322,135254,3,934,30,6,4,17,7,21,35,1,5,2,2,,,709,10,39,4,2,8,10,64,10,62,65,4,6,9,
1,6,FR 1,19,3,220323,135506,3,932,30,7,3,19,18,15,21,1,6,2,1,,,82,10,30,12,2,8,10,71,10,69,61,5,5,10,
1,6,FR 1,20,4,220324,135347,3,936,30,6,4,15,6,28,25,1,5,2,2,,,72,10,45,8,2,8,10,105,10,41,49,4,6,10,
1,6,FR 1,21,5,220325,135242,3,937,30,8,2,59,54,17,13,2,6,0,2,,,91,10,41,22,2,8,10,96,10,52,75,5,5,10,
1,6,FR 1,22,6,220328,135012,3,936,30,8,2,47,77,0,29,2,6,1,1,,,82,10,56,147,2,8,10,180,10,47,47,6,4,10,
1,6,FR 1,23,7,220329,135256,3,937,30,10,0,60,53,0,0,2,8,0,0,,,99,10,47,77,2,8,10,100,10,39,45,5,5,10,
1,6,FR 1,24,8,220330,134942,3,949,30,9,1,22,44,0,11,2,7,1,0,,,114,10,34,45,2,8,10,147,10,36,56,5,5,10,
1,6,FR 1,25,9,220331,135056,3,943,30,9,1,33,44,5,0,2,7,1,0,,,189,10,21,42,2,8,10,107,10,33,30,5,5,10,
1,6,FR 1,26,10,220401,135225,3,944,30,9,1,38,17,4,0,2,7,0,1,,,133,10,22,25,2,8,10,112,10,34,36,5,5,10,
1,6,FR 1,27,11,220404,141207,3,944,30,10,0,25,10,0,0,2,8,0,0,,,747,10,42,9,2,8,10,110,10,56,31,5,5,9,
1,6,FR 1,28,12,220405,135200,3,942,30,10,0,43,28,0,0,2,8,0,0,,,198,10,47,46,2,8,10,153,10,42,70,5,5,10,
1,6,FR 1,29,13,220406,134959,3,945,30,10,0,40,47,0,0,2,8,0,0,,,91,10,53,23,2,8,10,138,10,35,62,5,5,10,
1,6,FR 1,30,14,220407,135302,3,944,30,10,0,35,43,0,0,2,8,0,0,,,101,10,40,27,2,8,10,157,10,17,43,6,4,10,
1,6,FR 1,31,15,220408,135304,3,945,30,10,0,27,25,0,0,2,8,0,0,,,91,10,31,43,2,8,10,174,10,37,43,5,5,10,
1,6,FR 1,32,16,220411,135805,3,953,30,7,3,16,20,22,28,1,6,1,2,,,94,10,25,18,2,8,10,236,10,38,55,5,5,10,
1,6,FR 1,33,17,220412,135121,3,942,30,10,0,31,24,0,0,2,8,0,0,,,86,10,25,21,2,8,10,135,10,51,47,5,5,10,
1,6,FR 1,34,18,220413,135609,3,938,30,10,0,27,14,0,0,2,8,0,0,,,77,10,30,10,2,8,10,115,10,36,69,5,5,10,
1,6,FR 1,35,19,220414,135613,3,943,30,10,0,26,39,0,0,2,8,0,0,,,91,10,25,76,2,8,10,150,10,38,51,6,4,10,
1,6,FR 1,36,20,220415,134958,3,943,30,9,1,26,85,6,0,2,7,0,1,,,83,10,51,75,2,8,10,246,10,42,59,5,5,10,
1,6,FR 1,37,21,220418,134906,3,946,30,9,1,44,13,0,24,2,7,0,1,,,698,10,45,11,2,8,10,198,10,42,74,5,5,10,
1,6,FR 1,38,22,220419,135540,3,949,30,10,0,23,51,0,0,2,8,0,0,,,98,10,29,50,2,8,10,180,10,39,81,5,5,10,
1,6,FR 1,39,23,220420,135026,3,949,30,10,0,27,50,0,0,2,8,0,0,,,231,10,19,57,2,8,10,309,10,34,48,5,5,10,
1,6,FR 1,40,24,220421,134840,3,950,30,9,1,13,24,0,12,1,8,1,0,,,110,10,45,18,2,8,10,203,10,28,62,6,4,10,
1,6,FR 1,41,25,220422,134858,3,943,30,10,0,52,50,0,0,2,8,0,0,,,104,10,30,22,2,8,10,127,10,35,49,5,5,10,
1,6,FR 1,42,26,220425,135346,3,947,30,10,0,25,38,0,0,2,8,0,0,,,108,10,47,37,2,8,10,170,10,31,92,5,5,10,
1,6,FR 1,43,27,220426,134940,3,951,30,10,0,30,26,0,0,2,8,0,0,,,103,10,40,21,2,8,10,208,10,58,74,4,6,10,
1,6,FR 1,44,28,220427,135236,3,955,30,10,0,39,11,0,0,2,8,0,0,,,103,10,36,7,2,8,10,320,10,55,50,5,5,10,
1,6,FR 1,45,29,220428,135300,3,959,30,9,1,42,11,0,11,2,7,1,0,,,758,10,44,8,2,8,10,173,10,41,80,4,6,9,
1,6,FR 1,46,30,220429,134555,3,959,30,9,1,43,9,0,12,2,7,0,1,,,103,10,31,5,2,8,10,250,10,46,73,5,5,10,
1,4,VI 30,1,1,220215,135239,4,1556,30,62,242,19,44,75,54,1,3,3,3,,,387,393,29,122,2,8,10,218,571,130,80,4,6,10,
1,4,VI 30,2,2,220216,135731,4,1597,30,25,492,0,57,68,30,0,4,2,4,,,820,243,14,99,2,8,10,153,459,140,44,5,5,10,
1,4,VI 30,3,3,220217,135235,4,1907,30,68,361,26,47,198,88,1,3,3,3,,,335,390,44,119,2,8,10,162,404,246,231,5,5,10,
1,4,VI 30,4,4,220218,135156,4,1922,30,35,302,0,3,147,204,0,3,4,3,,,369,300,46,32,2,8,10,174,297,215,310,5,5,10,
1,4,VI 30,5,5,220222,135033,4,1833,30,56,340,0,84,198,158,0,3,4,3,,,196,457,80,203,2,8,10,125,202,260,280,4,6,10,wrong program run on 2/21 so that session was deleted
1,4,VI 30,6,6,220223,135511,4,1838,30,27,332,0,26,215,109,0,4,3,3,,,466,308,76,106,2,8,10,114,429,271,283,4,6,10,
1,4,VI 30,7,7,220224,135505,4,1828,30,51,359,0,7,212,273,0,1,5,4,,,266,388,76,176,2,8,10,182,362,330,228,5,5,10,
1,4,VI 30,8,8,220225,135529,4,1824,30,7,526,0,0,278,260,0,0,4,6,,,324,517,88,125,2,8,10,325,367,222,330,5,5,10,
1,4,VI 30,9,9,220228,135446,4,1821,30,16,442,0,0,335,216,0,0,5,5,,,421,428,96,5,2,8,10,139,411,220,330,5,5,10,
1,4,VI 30,10,10,220301,135416,4,1829,30,12,440,0,0,280,227,0,0,6,4,,,206,407,62,83,2,8,10,109,411,270,241,5,5,10,
1,4,VI 30,11,11,220302,135831,4,1822,30,16,346,0,0,224,318,0,0,5,5,,,137,338,63,55,2,8,10,130,388,295,258,5,5,10,
1,4,VI 30,12,12,220303,135539,4,1837,30,62,333,26,0,117,158,1,4,2,3,,,296,412,89,14,2,8,10,197,370,298,264,6,4,10,
1,4,VI 30,13,13,220304,135223,4,1831,30,57,324,27,0,268,202,1,0,5,4,,,190,279,74,27,2,8,10,107,336,272,266,4,6,10,
1,4,VI 30,14,14,220307,135145,4,1825,30,56,382,34,3,206,140,1,2,4,3,,,93,474,52,18,2,8,10,80,453,261,200,5,5,10,
1,4,VI 30,15,15,220308,135307,4,1827,30,96,353,35,0,173,141,1,3,4,2,,,99,509,53,0,2,8,10,93,408,225,326,5,5,10,
1,4,VI 30,16,16,220309,135438,4,1824,30,73,389,0,15,285,205,0,1,5,4,,,157,489,64,0,2,8,10,121,390,356,213,5,5,10,
1,4,FR 1,17,1,220321,135339,4,934,30,8,2,93,0,57,54,2,6,1,1,,,2473,10,90,14,2,8,8,1529,10,281,236,5,5,6,
1,4,FR 1,18,2,220322,135228,4,935,30,10,0,67,1,0,0,2,8,0,0,,,3081,10,71,0,2,8,6,1271,10,206,204,5,5,5,
1,4,FR 1,19,3,220323,135452,4,937,30,10,0,94,1,0,0,2,8,0,0,,,3416,10,90,1,2,8,7,1225,10,283,260,5,5,4,
1,4,FR 1,20,4,220324,135328,4,935,30,10,0,88,1,0,0,2,8,0,0,,,3608,10,66,0,2,8,7,1223,10,240,227,5,5,5,
1,4,FR 1,21,5,220325,135212,4,968,30,10,0,71,0,0,0,2,8,0,0,,,5637,10,86,0,2,8,9,915,10,272,249,6,4,4,
1,4,FR 1,22,6,220328,135024,4,1008,30,8,2,37,0,45,35,1,7,1,1,,,4177,10,81,0,2,8,10,39,10,208,294,5,5,2,
1,4,FR 1,23,7,220329,135220,4,980,30,10,0,81,1,0,0,2,8,0,0,,,4443,10,72,19,2,8,7,327,10,264,241,4,6,3,
1,4,FR 1,24,8,220330,134953,4,958,30,10,0,74,1,0,0,2,8,0,0,,,4855,10,97,0,2,8,8,299,10,279,259,5,5,3,
1,4,FR 1,25,9,220331,135031,4,993,30,10,0,63,2,0,0,2,8,0,0,,,4419,10,49,0,2,8,6,1317,10,329,191,5,5,4,
1,4,FR 1,26,10,220401,135206,4,987,30,8,2,98,1,29,43,2,6,2,0,,,4874,10,91,1,2,8,8,665,10,279,249,5,5,3,
1,4,FR 1,27,11,220404,141159,4,976,30,8,2,52,1,102,0,2,6,1,1,,,3149,10,73,1,2,8,7,34,10,249,231,4,6,5,
1,4,FR 1,28,12,220405,135142,4,957,30,10,0,90,0,0,0,2,8,0,0,,,4845,10,76,1,2,8,7,33,10,238,198,5,5,3,
1,4,FR 1,29,13,220406,134949,4,971,30,10,0,94,0,0,0,2,8,0,0,,,3970,10,81,0,2,8,6,359,10,301,186,5,5,5,
1,4,FR 1,30,14,220407,135241,4,989,30,9,1,89,0,0,43,2,7,1,0,,,3789,10,81,1,2,8,7,399,10,245,215,6,4,6,
1,4,FR 1,31,15,220408,135245,4,979,30,9,1,75,0,0,49,2,7,1,0,,,3386,10,75,0,2,8,7,435,10,313,173,5,5,3,
1,4,FR 1,32,16,220411,135813,4,993,30,10,0,99,1,0,0,2,8,0,0,,,5159,10,99,0,2,8,9,18,10,270,246,5,5,1,
1,4,FR 1,33,17,220412,135102,4,970,30,10,0,97,1,0,0,2,8,0,0,,,4908,10,98,1,2,8,6,332,10,269,239,5,5,4,
1,4,FR 1,34,18,220413,135617,4,952,30,10,0,80,0,0,0,2,8,0,0,,,4194,10,93,0,2,8,6,1256,10,266,255,5,5,4,
1,4,FR 1,35,19,220414,135545,4,969,30,10,0,83,0,0,0,2,8,0,0,,,3404,10,91,0,2,8,8,676,10,255,268,6,4,4,
1,4,FR 1,36,20,220415,134945,4,963,30,10,0,90,0,0,0,2,8,0,0,,,4608,10,85,0,2,8,7,365,10,210,306,5,5,3,
1,4,FR 1,37,21,220418,134914,4,957,30,10,0,67,0,0,0,2,8,0,0,,,3685,10,79,1,2,8,7,624,10,250,193,5,5,3,
1,4,FR 1,38,22,220419,135527,4,965,30,10,0,90,0,0,0,2,8,0,0,,,3400,10,81,0,2,8,8,313,10,220,240,6,4,3,
1,4,FR 1,39,23,220420,135018,4,962,30,10,0,107,0,0,0,2,8,0,0,,,3674,10,108,1,2,8,8,54,10,264,273,4,6,2,
1,4,FR 1,40,24,220421,134825,4,956,30,10,0,106,0,0,0,2,8,0,0,,,4014,10,108,1,2,8,9,1,10,272,240,5,5,1,
1,4,FR 1,41,25,220422,134842,4,963,30,9,1,53,0,0,40,1,8,1,0,,,4316,10,100,0,2,8,8,322,10,326,194,5,5,2,
1,4,FR 1,42,26,220425,135355,4,978,30,10,0,92,2,0,0,2,8,0,0,,,4990,10,97,0,2,8,8,73,10,246,227,4,6,2,
1,4,FR 1,43,27,220426,134923,4,969,30,10,0,104,0,0,0,2,8,0,0,,,4363,10,115,0,2,8,7,318,10,252,215,5,5,3,
1,4,FR 1,44,28,220427,135246,4,975,30,10,0,103,0,0,0,2,8,0,0,,,4825,10,110,0,2,8,9,6,10,314,195,5,5,1,
1,4,FR 1,45,29,220428,135239,4,965,30,10,0,113,0,0,0,2,8,0,0,,,4269,10,102,0,2,8,6,349,10,321,207,5,5,4,
1,4,FR 1,46,30,220429,134535,4,986,30,10,0,105,19,0,0,2,8,0,0,,,5066,10,109,0,2,8,8,38,10,207,294,5,5,2,
1,1311,VI 30,1,1,220215,151055,4,1748,30,147,378,1,1,8,24,1,2,4,3,,,3671,414,8,12,2,8,10,263,602,15,52,5,5,9,
1,1311,VI 30,2,2,220216,150551,4,1980,30,10,292,0,0,40,31,0,1,4,5,,,4519,313,2,53,2,8,10,345,407,34,29,5,5,10,
1,1311,VI 30,3,3,220217,150901,4,2001,30,6,332,0,0,114,82,0,0,6,4,,,3479,19,4,49,2,8,10,177,278,105,72,5,5,10,
1,1311,VI 30,4,4,220218,150218,4,1999,30,1,404,0,0,91,62,0,0,5,5,,,2749,58,1,13,2,8,10,328,375,136,48,5,5,10,
1,1311,VI 30,5,5,220221,150124,4,1931,30,11,287,0,0,92,26,0,0,4,6,,,1321,129,4,7,2,8,10,217,279,99,59,5,5,10,
1,1311,VI 30,6,6,220222,150823,4,1964,30,1,315,0,0,52,26,0,0,5,5,,,1602,95,2,25,2,8,10,120,325,58,36,4,6,10,
1,1311,VI 30,7,7,220223,150031,4,1880,30,18,285,0,0,30,44,0,0,4,6,,,915,363,1,44,2,8,10,105,258,45,37,5,5,10,
1,1311,VI 30,8,8,220224,150927,4,1859,30,28,276,0,0,26,18,0,0,5,5,,,569,248,2,37,2,8,10,128,288,27,23,5,5,10,
1,1311,VI 30,9,9,220225,150314,4,1868,30,26,241,0,7,22,26,1,3,3,3,,,389,221,2,15,2,8,10,127,278,63,40,5,5,10,
1,1311,VI 30,10,10,220228,150352,4,1853,30,6,319,0,0,65,28,0,0,5,5,,,468,187,1,6,2,8,10,134,314,66,41,5,5,10,
1,1311,VI 30,11,11,220301,150309,4,1861,30,17,283,0,0,73,23,0,0,5,5,,,520,228,0,11,2,8,10,140,284,62,39,5,5,10,
1,1311,VI 30,12,12,220302,150513,4,1845,30,22,283,0,2,28,36,0,4,3,3,,,315,292,2,8,2,8,10,182,285,29,43,5,5,10,
1,1311,VI 30,13,13,220303,150458,4,1853,30,31,212,0,1,51,13,0,1,5,4,,,577,279,1,9,2,8,10,160,249,42,28,4,6,10,
1,1311,VI 30,14,14,220304,150208,4,1853,30,9,290,0,0,21,25,0,0,5,5,,,386,227,2,8,2,8,10,153,302,21,40,5,5,10,
1,1311,VI 30,15,15,220307,153103,4,1832,30,8,272,0,0,47,40,0,1,4,5,,,164,274,1,9,2,8,10,142,280,45,60,5,5,10,
1,1311,VI 30,16,16,220308,150332,4,1841,30,32,239,0,0,27,30,0,0,5,5,,,182,270,2,7,2,8,10,225,282,32,51,5,5,10,
1,1311,FR 1,17,1,220321,150204,4,951,30,7,3,3,4,4,20,1,6,2,1,,,2381,10,11,9,2,8,7,1627,10,43,55,5,5,7,
1,1311,FR 1,18,2,220322,150334,4,941,30,9,1,17,6,0,14,2,7,0,1,,,2073,10,18,4,2,8,8,1545,10,49,66,5,5,5,
1,1311,FR 1,19,3,220323,150059,4,941,30,10,0,21,4,0,0,2,8,0,0,,,2672,10,19,2,2,8,9,1234,10,43,67,4,6,4,
1,1311,FR 1,20,4,220324,150517,4,948,30,8,2,13,4,0,30,1,7,1,1,,,3454,10,13,0,2,8,8,1236,10,62,67,4,6,4,
1,1311,FR 1,21,5,220325,145858,4,950,30,10,0,13,4,0,0,2,8,0,0,,,1700,10,22,6,2,8,4,2616,10,73,99,5,5,9,
1,1311,FR 1,22,6,220328,150127,4,957,30,9,1,19,2,21,0,2,7,1,0,,,3345,10,6,1,2,8,8,1901,10,88,77,5,5,4,
1,1311,FR 1,23,7,220329,150230,4,966,30,10,0,11,4,0,0,2,8,0,0,,,2088,10,15,2,2,8,6,1746,10,86,62,4,6,6,
1,1311,FR 1,24,8,220330,150141,4,979,30,9,1,19,5,6,0,2,7,0,1,,,3946,10,20,8,2,8,9,9,10,81,53,4,6,1,
1,1311,FR 1,25,9,220331,150628,4,994,30,9,1,19,9,0,5,2,7,0,1,,,4520,10,22,7,2,8,7,13,10,89,93,4,6,3,
1,1311,FR 1,26,10,220401,150651,4,976,30,9,1,31,8,25,0,2,7,1,0,,,5280,10,19,3,2,8,7,53,10,96,67,4,6,3,
1,1311,FR 1,27,11,220404,151201,4,978,30,10,0,39,8,0,0,2,8,0,0,,,5123,10,30,6,2,8,7,22,10,82,70,4,6,4,
1,1311,FR 1,28,12,220405,150611,4,962,30,6,4,9,7,16,13,1,5,2,2,,,2158,10,24,5,2,8,6,2922,10,73,65,5,5,6,
1,1311,FR 1,29,13,220406,150301,4,956,30,10,0,24,9,0,0,2,8,0,0,,,4134,10,24,10,2,8,7,1251,10,80,55,6,4,6,
1,1311,FR 1,30,14,220407,150529,4,951,30,9,1,23,5,10,0,2,7,1,0,,,4264,10,26,8,2,8,7,613,10,75,64,5,5,4,
1,1311,FR 1,31,15,220408,145944,4,984,30,7,3,9,6,17,28,1,6,2,1,,,3905,10,23,8,2,8,9,13,10,62,42,5,5,1,
1,1311,FR 1,32,16,220411,150428,4,977,30,9,1,25,10,28,0,2,7,0,1,,,3599,10,31,10,2,8,9,325,10,69,66,5,5,1,
1,1311,FR 1,33,17,220412,150447,4,990,30,8,2,10,7,0,24,1,7,1,1,,,4132,10,18,10,2,8,6,688,10,42,74,5,5,5,
1,1311,FR 1,34,18,220413,150036,4,988,30,8,2,24,8,13,14,1,7,2,0,,,3192,10,28,10,2,8,6,1085,10,52,37,6,4,5,
1,1311,FR 1,35,19,220414,150828,4,983,30,8,2,26,4,7,5,2,6,1,1,,,3460,10,26,8,2,8,8,953,10,47,43,5,5,3,
1,1311,FR 1,36,20,220415,150324,4,1004,30,9,1,24,6,0,18,2,7,1,0,,,4395,10,28,6,2,8,8,397,10,40,33,5,5,2,
1,1311,FR 1,37,21,220418,150935,4,1022,30,9,1,41,7,0,0,2,7,1,0,,,5053,10,26,5,2,8,7,339,10,24,28,5,5,3,
1,1311,FR 1,38,22,220419,150149,4,997,30,10,0,16,9,0,0,2,8,0,0,,,3318,10,20,8,2,8,7,709,10,49,38,6,4,3,
1,1311,FR 1,39,23,220420,150009,4,1015,30,10,0,16,7,0,0,2,8,0,0,,,3996,10,21,8,2,8,7,725,10,74,47,5,5,3,
1,1311,FR 1,40,24,220421,150708,4,1011,30,10,0,37,8,0,0,2,8,0,0,,,5097,10,17,7,2,8,9,12,10,37,25,5,5,1,
1,1311,FR 1,41,25,220422,145935,4,1004,30,9,1,21,7,12,0,2,7,0,1,,,4289,10,24,10,2,8,8,39,10,49,39,5,5,2,
1,1311,FR 1,42,26,220425,151005,4,1013,30,10,0,27,10,0,0,2,8,0,0,,,3936,10,25,9,2,8,6,1235,10,22,44,5,5,4,
1,1311,FR 1,43,27,220426,145942,4,1006,30,10,0,24,6,0,0,2,8,0,0,,,3674,10,20,6,2,8,7,753,10,35,15,5,5,3,
1,1311,FR 1,44,28,220427,150343,4,994,30,10,0,17,9,0,0,2,8,0,0,,,3321,10,19,11,2,8,7,1084,10,43,18,5,5,3,
1,1311,FR 1,45,29,220428,150845,4,973,30,9,1,18,7,0,3,2,7,0,1,,,4432,10,18,9,2,8,9,1,10,43,43,4,6,1,
1,1311,FR 1,46,30,220429,145347,4,989,30,10,0,15,7,0,0,2,8,0,0,,,4730,10,20,8,2,8,7,772,10,78,33,5,5,4,
2,1332,VI 4.75,1,1,230216,93628,3,850,30,0,136,0,0,39,191,0,0,5,5,0,10,546,42,55,153,2,8,10,327,132,49,188,5,5,10,
2,1332,VI 4.75,2,2,230217,94715,3,736,30,0,142,0,0,46,187,0,0,5,5,0,10,146,107,49,66,2,8,10,90,137,48,202,5,5,10,
2,1332,VI 4.75,3,3,230220,94701,3,736,30,0,132,0,0,45,190,0,0,5,5,0,10,511,38,46,125,2,8,10,125,129,48,189,5,5,10,
2,1332,VI 4.75,4,4,230221,94111,3,741,30,53,65,23,19,21,118,1,3,3,3,3,7,212,78,48,71,2,8,10,98,105,45,171,5,5,10,
2,1332,VI 4.75,5,5,230222,100148,3,716,30,30,62,24,63,21,116,1,3,3,3,2,8,168,111,49,102,2,8,10,175,81,46,175,5,5,10,
2,1332,VI 4.75,6,6,230223,93625,3,709,30,102,33,26,19,0,72,1,6,1,2,5,5,86,146,50,84,2,8,10,123,98,47,183,5,5,10,
2,1332,VI 4.75,7,7,230224,94520,3,713,30,85,33,52,23,0,67,2,5,1,2,6,4,122,117,47,39,2,8,10,121,91,47,180,5,5,10,
2,1332,VI 4.75,8,8,230227,94556,3,713,30,123,23,27,2,0,97,1,5,2,2,6,4,101,146,46,3,2,8,10,132,121,51,193,5,5,10,
2,1332,VI 4.75,9,9,230228,94035,3,711,30,112,16,48,33,0,49,2,6,1,1,7,3,123,120,54,36,2,8,10,76,120,51,200,5,5,10,
2,1332,VI 4.75,10,10,230301,94527,3,710,30,92,35,49,18,0,48,2,6,2,0,4,6,175,117,50,7,2,8,10,70,124,50,194,5,5,10,
2,1332,VI 4.75,11,11,230302,93843,3,709,30,80,38,23,27,23,99,1,4,3,2,3,7,153,113,51,5,2,8,10,112,92,47,195,5,5,10,
2,1332,VI 4.75,12,12,230303,94546,3,709,30,65,67,26,28,24,70,1,5,2,2,3,7,146,102,42,56,2,8,10,80,124,51,192,5,5,10,
2,1332,VI 4.75,13,13,230306,94556,3,713,30,90,34,47,57,25,50,2,5,1,2,4,6,82,127,49,126,2,8,10,74,125,48,200,5,5,10,
2,1332,VI 4.75,14,14,230307,94608,3,710,30,78,48,26,25,0,92,1,5,1,3,2,8,127,134,52,85,2,8,10,67,136,47,193,5,5,10,
2,1332,VI 4.75,15,15,230308,94647,3,710,30,87,24,49,77,0,47,2,6,1,1,3,7,137,120,51,28,2,8,10,153,80,48,185,5,5,10,
2,1332,VI 4.75,16,16,230309,94030,3,710,30,76,32,52,28,0,50,2,6,1,1,5,5,135,115,53,30,2,8,10,105,119,49,188,5,5,10,
2,1332,VI 4.75,17,17,230310,94347,3,708,30,56,82,49,28,23,51,2,5,3,0,3,7,103,129,47,32,2,8,10,104,126,49,192,5,5,10,
2,1332,VI 1.7,18,1,230320,94459,3,623,30,17,39,0,3,46,97,0,4,3,3,5,5,158,42,24,44,2,8,10,80,61,42,196,5,5,10,
2,1332,VI 1.7,19,2,230321,93910,3,618,30,17,37,0,85,26,152,0,3,4,3,3,7,122,43,54,35,2,8,10,86,53,50,203,5,5,10,
2,1332,VI 1.7,20,3,230322,94534,3,621,30,50,12,24,2,23,99,1,4,3,2,5,5,98,47,53,80,2,8,10,118,51,47,183,5,5,10,
2,1332,VI 1.7,21,4,230323,94048,3,619,30,14,38,26,2,46,122,1,2,4,3,3,7,82,49,50,33,2,8,10,110,44,49,189,5,5,10,
2,1332,VI 1.7,22,5,230324,94128,3,620,30,28,27,27,2,0,173,1,2,4,3,3,7,89,57,52,3,2,8,10,86,50,50,198,5,5,10,
2,1332,VI 1.7,23,6,230327,94333,3,619,30,28,30,28,53,26,49,1,6,1,2,4,6,70,60,54,49,2,8,10,124,51,51,197,5,5,10,
2,1332,VI 1.7,24,7,230328,93535,3,621,30,53,10,26,9,25,27,1,7,1,1,7,3,50,65,54,40,2,8,10,164,29,51,204,5,5,10,
2,1332,VI 1.7,25,8,230329,94635,3,627,30,45,11,26,36,0,52,1,7,2,0,7,3,46,62,54,8,2,8,10,220,34,51,201,5,5,10,
2,1332,VI 1.7,26,9,230330,93959,3,623,30,48,15,51,26,0,28,2,7,0,1,8,2,90,63,52,6,2,8,10,137,46,53,206,5,5,10,
2,1332,VI 1.7,27,10,230331,93859,3,623,30,56,15,55,29,0,52,2,6,1,1,7,3,103,53,58,15,2,8,10,214,26,51,211,5,5,10,
2,1332,VI 1.7,28,11,230403,94338,3,624,30,53,14,29,8,0,50,1,7,2,0,8,2,36,72,55,4,2,8,10,173,36,52,204,5,5,10,
2,1332,VI 1.7,29,12,230404,93313,3,670,30,45,3,27,34,27,53,1,6,2,1,7,3,139,59,54,5,2,8,10,197,30,54,211,5,5,10,
2,1332,VI 1.7,30,13,230405,94234,3,621,30,65,3,52,11,0,0,2,8,0,0,9,1,39,64,53,9,2,8,10,117,59,49,207,5,5,10,
2,1332,VI 1.7,31,14,230406,84655,3,629,30,63,1,56,6,0,27,2,7,1,0,9,1,29,65,55,6,2,8,10,306,25,50,201,5,5,10,
2,1332,VI 1.7,32,15,230407,92713,3,624,30,64,0,54,10,0,0,2,8,0,0,10,0,30,77,54,2,2,8,10,245,28,51,207,5,5,10,
2,1332,VI 1.7,33,16,230410,94704,3,628,30,69,0,54,6,0,0,2,8,0,0,10,0,46,77,55,4,2,8,10,252,32,50,215,5,5,10,
2,1332,VI 1.7,34,17,230411,93128,3,625,30,65,8,56,31,0,0,2,8,0,0,8,2,202,70,57,5,2,8,10,180,47,52,208,5,5,10,
2,1332,VI 1.7,35,18,230412,94447,3,621,30,65,4,51,38,0,0,2,8,0,0,9,1,61,58,53,31,2,8,10,159,31,49,200,5,5,10,
2,1332,VI 1.7,36,19,230413,94359,3,623,30,65,3,52,6,0,26,2,7,1,0,9,1,81,50,54,15,2,8,10,156,33,50,214,5,5,10,
2,1332,VI 1.7,37,20,230414,92920,3,627,30,65,2,54,9,25,0,2,7,1,0,9,1,44,66,53,30,2,8,10,209,33,50,204,5,5,10,
2,1332,VI 1.7,38,21,230417,94328,3,626,30,59,4,55,33,24,0,2,7,0,1,9,1,245,66,58,7,2,8,10,226,29,50,211,5,5,9,
2,1332,VI 1.7,39,22,230418,94140,3,634,30,72,2,53,7,27,0,2,7,1,0,8,2,97,61,55,6,2,8,10,259,35,51,206,5,5,10,
2,1332,VI 1.7,40,23,230419,94310,3,634,30,68,2,53,7,0,28,2,7,1,0,9,1,43,64,53,9,2,8,10,347,19,55,208,5,5,10,
2,1332,VI 1.7,41,24,230420,92610,3,632,30,65,0,52,3,0,0,2,8,0,0,10,0,37,66,55,3,2,8,10,340,27,49,201,5,5,10,
2,1332,VI 1.7,42,25,230421,93349,3,632,30,62,0,52,12,0,0,2,8,0,0,10,0,420,66,50,7,2,8,10,337,22,49,205,5,5,9,
2,1332,VI 1.7,43,26,230424,94646,3,629,30,64,7,55,10,19,0,2,7,0,1,9,1,44,64,54,7,2,8,10,292,25,52,210,5,5,10,
2,1332,VI 1.7,44,27,230425,85415,3,654,30,68,0,53,8,0,0,2,8,0,0,10,0,46,63,54,8,2,8,10,541,33,47,199,5,5,10,
2,43,VI 4.75,1,1,230216,93606,4,960,30,60,26,22,33,14,24,2,5,1,2,7,3,2183,71,9,66,2,8,10,562,52,25,137,5,5,10,
2,43,VI 4.75,2,2,230217,94732,4,720,30,60,43,0,7,30,133,0,3,3,4,6,4,350,94,23,70,2,8,10,135,122,36,202,5,5,10,
2,43,VI 4.75,3,3,230220,94712,4,786,30,0,125,0,0,32,205,0,0,5,5,0,10,429,61,24,0,2,8,10,341,117,22,203,5,5,10,
2,43,VI 4.75,4,4,230221,94211,4,908,30,68,34,13,3,27,101,1,4,2,3,5,5,2403,83,34,9,2,8,10,210,63,29,207,5,5,9,
2,43,VI 4.75,5,5,230222,100203,4,989,30,46,19,21,0,25,78,1,4,2,3,7,3,3273,98,25,0,2,8,9,92,122,41,183,5,5,9,
2,43,VI 4.75,6,6,230223,93604,4,711,30,47,66,19,3,23,118,1,3,3,3,8,2,96,123,34,2,2,8,10,116,118,35,225,5,5,10,
2,43,VI 4.75,7,7,230224,94530,4,722,30,41,59,14,3,33,55,1,5,2,2,7,3,493,116,17,10,2,8,10,246,91,48,204,5,5,9,
2,43,VI 4.75,8,8,230227,94609,4,833,30,58,65,15,2,19,104,1,4,4,1,6,4,98,128,34,22,2,8,10,1501,66,48,194,5,5,10,
2,43,VI 4.75,9,9,230228,94053,4,711,30,118,13,17,0,0,49,1,7,0,2,7,3,90,136,28,2,2,8,10,142,96,51,224,5,5,10,
2,43,VI 4.75,10,10,230301,94518,4,714,30,96,15,23,14,0,55,2,6,1,1,7,3,112,126,46,3,2,8,10,103,98,46,221,5,5,10,
2,43,VI 4.75,11,11,230302,93858,4,710,30,79,17,16,0,25,53,1,6,2,1,5,5,126,145,35,1,2,8,10,145,89,41,178,5,5,10,
2,43,VI 4.75,12,12,230303,94538,4,729,30,94,28,8,15,0,73,1,5,2,2,4,6,67,151,13,1,2,8,10,239,87,34,222,5,5,10,
2,43,VI 4.75,13,13,230306,94608,4,705,30,124,8,29,4,0,22,2,7,1,0,9,1,73,154,24,3,2,8,10,155,84,37,210,5,5,10,
2,43,VI 4.75,14,14,230307,94543,4,711,30,140,2,16,2,0,20,1,8,0,1,9,1,72,144,19,9,2,8,10,189,84,47,208,5,5,10,
2,43,VI 4.75,15,15,230308,94641,4,714,30,132,3,27,2,0,25,2,7,1,0,8,2,142,124,32,12,2,8,10,287,65,43,206,5,5,10,
2,43,VI 4.75,16,16,230309,94053,4,718,30,137,0,17,0,0,0,2,8,0,0,10,0,69,146,32,1,2,8,10,227,78,43,198,5,5,10,
2,43,VI 4.75,17,17,230310,94357,4,715,30,147,0,27,0,0,0,2,8,0,0,10,0,61,154,24,1,2,8,10,255,60,47,198,5,5,10,
2,43,VI 1.7,18,1,230320,94508,4,629,30,33,11,31,3,0,54,2,6,1,1,8,2,81,57,40,4,2,8,10,234,32,45,214,5,5,10,
2,43,VI 1.7,19,2,230321,93929,4,621,30,60,0,20,7,0,0,2,8,0,0,10,0,647,60,12,0,2,8,9,197,41,35,173,5,5,8,
2,43,VI 1.7,20,3,230322,94558,4,637,30,52,1,28,2,0,22,2,7,1,0,9,1,112,49,26,5,2,8,10,309,27,53,166,5,5,10,
2,43,VI 1.7,21,4,230323,94110,4,638,30,58,0,22,1,0,0,2,8,0,0,10,0,80,56,36,10,2,8,10,383,30,51,198,5,5,10,
2,43,VI 1.7,22,5,230324,94140,4,646,30,58,0,37,4,0,0,2,8,0,0,10,0,90,51,27,0,2,8,10,485,20,46,186,5,5,10,
2,43,VI 1.7,23,6,230327,94347,4,649,30,54,0,28,4,0,0,2,8,0,0,10,0,164,46,24,2,2,8,10,424,33,42,191,5,5,10,
2,43,VI 1.7,24,7,230328,93549,4,641,30,50,0,30,5,0,0,2,8,0,0,10,0,105,54,19,1,2,8,10,425,20,43,168,5,5,10,
2,43,VI 1.7,25,8,230329,94650,4,633,30,54,0,25,3,0,0,2,8,0,0,10,0,95,53,28,3,2,8,10,319,29,40,191,5,5,10,
2,43,VI 1.7,26,9,230330,94025,4,660,30,59,0,29,1,0,0,2,8,0,0,10,0,73,60,24,2,2,8,10,613,29,40,181,5,5,10,
2,43,VI 1.7,27,10,230331,93910,4,659,30,57,0,26,18,0,0,2,8,0,0,10,0,67,57,33,0,2,8,10,640,13,41,179,5,5,10,
2,43,VI 1.7,28,11,230403,94351,4,638,30,60,0,35,9,0,0,2,8,0,0,10,0,242,56,43,11,2,8,10,425,18,42,201,5,5,10,
2,43,VI 1.7,29,12,230404,93337,4,652,30,61,0,34,5,0,0,2,8,0,0,10,0,449,59,29,4,2,8,10,341,33,49,167,5,5,10,
2,43,VI 1.7,30,13,230405,94245,4,631,30,62,0,44,30,0,0,2,8,0,0,10,0,67,66,35,22,2,8,10,270,36,37,189,5,5,10,
2,43,VI 1.7,31,14,230406,84712,4,635,30,62,0,24,9,0,0,2,8,0,0,10,0,44,67,23,7,2,8,10,390,20,33,158,5,5,10,
2,43,VI 1.7,32,15,230407,92727,4,678,30,62,0,32,6,0,0,2,8,0,0,10,0,48,66,30,5,2,8,10,805,21,37,170,5,5,10,
2,43,VI 1.7,33,16,230410,94719,4,634,30,64,0,31,4,0,0,2,8,0,0,10,0,46,65,26,5,2,8,10,354,27,36,200,5,5,10,
2,43,VI 1.7,34,17,230411,93143,4,633,30,65,0,13,6,0,0,2,8,0,0,10,0,75,56,26,8,2,8,10,375,17,34,177,5,5,10,
2,43,VI 1.7,35,18,230412,94458,4,665,30,53,4,29,17,0,20,2,7,1,0,9,1,473,63,36,0,2,8,10,640,18,32,170,5,5,9,
2,43,VI 1.7,36,19,230413,94412,4,631,30,66,0,29,8,0,0,2,8,0,0,10,0,52,65,25,1,2,8,10,351,14,47,184,5,5,10,
2,43,VI 1.7,37,20,230414,92859,4,636,30,68,0,36,7,0,0,2,8,0,0,10,0,46,72,25,3,2,8,10,340,39,50,202,5,5,10,
2,43,VI 1.7,38,21,230417,94337,4,631,30,66,0,29,7,0,0,2,8,0,0,10,0,46,70,19,2,2,8,10,345,25,47,213,5,5,10,
2,43,VI 1.7,39,22,230418,94217,4,656,30,65,0,27,10,0,0,2,8,0,0,10,0,56,68,30,5,2,8,10,623,11,42,181,5,5,10,
2,43,VI 1.7,40,23,230419,94407,4,639,30,63,0,28,2,0,0,2,8,0,0,10,0,46,64,40,6,2,8,10,455,10,43,178,5,5,10,
2,43,VI 1.7,41,24,230420,92626,4,638,30,67,0,28,4,0,0,2,8,0,0,10,0,220,68,37,5,2,8,10,397,18,39,185,5,5,10,
2,43,VI 1.7,42,25,230421,93359,4,649,30,71,0,35,4,0,0,2,8,0,0,10,0,45,74,29,3,2,8,10,515,21,34,194,5,5,10,
2,43,VI 1.7,43,26,230424,94658,4,647,30,59,10,43,6,0,30,2,7,0,1,9,1,37,74,35,4,2,8,10,507,22,38,226,5,5,10,
2,43,VI 1.7,44,27,230425,85434,4,639,30,76,0,39,7,0,0,2,8,0,0,10,0,52,65,27,5,2,8,10,342,27,45,218,5,5,10,
2,42,VI 4.75,1,1,230216,113241,3,713,30,26,91,0,0,12,116,0,1,5,4,1,9,125,137,37,2,2,8,10,93,108,37,116,5,5,10,
2,42,VI 4.75,2,2,230217,112951,3,713,30,1,107,0,0,42,93,1,0,4,5,0,10,186,86,16,6,2,8,10,95,96,50,138,5,5,10,
2,42,VI 4.75,3,3,230220,113557,3,805,30,5,59,17,3,47,72,1,2,2,5,3,7,242,71,30,24,2,8,10,132,53,46,81,5,5,10,
2,42,VI 4.75,4,4,230221,113530,3,890,30,3,37,0,0,46,59,0,0,5,5,1,9,205,50,31,14,2,8,10,169,47,53,51,5,5,10,
2,42,VI 4.75,5,5,230222,113305,3,766,30,4,60,13,2,36,40,1,3,3,3,0,10,167,54,34,3,2,8,10,94,44,36,48,5,5,10,
2,42,VI 4.75,6,6,230223,113800,3,724,30,20,38,0,0,16,46,0,1,4,5,1,9,253,47,32,3,2,8,10,77,55,9,46,5,5,10,
2,42,VI 4.75,7,7,230224,112259,3,716,30,0,82,0,0,40,96,0,0,5,5,0,10,131,67,44,11,2,8,10,80,80,47,68,5,5,10,
2,42,VI 4.75,8,8,230227,114020,3,714,30,1,89,0,0,13,79,0,1,4,5,1,9,127,99,42,20,2,8,10,75,101,24,95,5,5,10,
2,42,VI 4.75,9,9,230228,113353,3,713,30,13,106,0,0,24,80,0,2,4,4,1,9,165,112,43,2,2,8,10,74,111,36,97,5,5,10,
2,42,VI 4.75,10,10,230301,112239,3,710,30,5,131,0,3,39,107,0,1,4,5,1,9,165,137,42,6,2,8,10,70,121,48,80,5,5,10,
2,42,VI 4.75,11,11,230302,113518,3,709,30,15,94,17,0,30,31,1,1,4,4,1,9,566,107,36,10,2,8,9,72,122,29,81,5,5,10,
2,42,VI 4.75,12,12,230303,113156,3,710,30,14,111,0,0,32,21,0,2,4,4,2,8,148,122,31,11,2,8,10,67,136,24,42,5,5,10,
2,42,VI 4.75,13,13,230306,113025,3,706,30,28,105,18,1,30,36,1,3,3,3,3,7,519,134,27,4,2,8,9,52,147,34,70,5,5,9,
2,42,VI 4.75,14,14,230307,113339,3,710,30,13,127,16,12,16,56,1,2,4,3,3,7,100,145,31,14,2,8,10,60,136,19,59,5,5,10,
2,42,VI 4.75,15,15,230308,112753,3,707,30,58,71,0,1,24,32,0,2,4,4,2,8,130,117,31,13,2,8,10,68,132,29,30,5,5,10,
2,42,VI 4.75,16,16,230309,113223,3,706,30,10,116,18,0,11,50,1,1,3,5,2,8,106,117,26,4,2,8,10,77,129,14,97,5,5,10,
2,42,VI 4.75,17,17,230310,113517,3,705,30,49,93,6,10,13,80,1,2,3,4,3,7,124,107,34,4,2,8,10,62,138,36,88,5,5,10,
2,42,VI 1.7,18,1,230320,113503,3,620,30,2,47,0,1,26,76,0,2,4,4,2,8,113,44,41,0,2,8,10,75,56,52,74,5,5,10,
2,42,VI 1.7,19,2,230321,112137,3,630,30,27,17,18,5,23,40,1,4,3,2,5,5,90,40,33,4,2,8,10,71,41,26,109,5,5,10,
2,42,VI 1.7,20,3,230322,112845,3,628,30,0,43,0,0,40,78,0,0,5,5,0,10,90,44,40,4,2,8,10,60,30,48,57,5,5,10,
2,42,VI 1.7,21,4,230323,113504,3,620,30,16,30,16,1,17,70,1,2,3,4,4,6,102,43,40,0,2,8,10,65,58,28,101,5,5,10,
2,42,VI 1.7,22,5,230324,113253,3,622,30,6,42,18,1,30,58,1,3,2,4,2,8,120,47,44,2,2,8,10,59,56,34,73,5,5,10,
2,42,VI 1.7,23,6,230327,113354,3,619,30,3,47,0,0,37,69,0,1,5,4,0,10,85,42,30,2,2,8,10,58,55,24,41,5,5,10,
2,42,VI 1.7,24,7,230328,111054,3,618,30,27,28,0,1,36,34,0,4,2,4,2,8,104,45,39,1,2,8,10,47,65,35,84,5,5,10,
2,42,VI 1.7,25,8,230329,112805,3,617,30,11,44,0,1,26,39,0,3,4,3,1,9,106,52,42,2,2,8,10,70,56,40,103,5,5,10,
2,42,VI 1.7,26,9,230330,114047,3,617,30,1,65,0,0,59,55,0,1,5,4,1,9,293,43,37,3,2,8,9,59,69,49,101,5,5,10,
2,42,VI 1.7,27,10,230331,114201,3,618,30,6,57,0,0,58,52,0,2,5,3,2,8,99,51,44,1,2,8,10,64,60,45,72,5,5,10,
2,42,VI 1.7,28,11,230403,113849,3,619,30,18,37,0,5,26,81,0,3,3,4,3,7,113,47,43,2,2,8,10,77,56,38,124,5,5,10,
2,42,VI 1.7,29,12,230404,112525,3,616,30,41,21,20,8,3,34,1,3,4,2,4,6,87,48,40,8,2,8,10,57,60,44,59,5,5,10,
2,42,VI 1.7,30,13,230405,113124,3,617,30,30,23,21,11,29,28,1,3,3,3,3,7,81,53,34,28,2,8,10,56,56,48,37,5,5,10,
2,42,VI 1.7,31,14,230406,112206,3,621,30,33,23,19,31,43,12,1,2,4,3,3,7,137,51,37,85,2,8,10,82,54,42,102,5,5,10,
2,42,VI 1.7,32,15,230407,113115,3,620,30,24,27,21,39,15,18,1,6,2,1,5,5,99,50,35,43,2,8,10,79,46,36,118,5,5,9,
2,42,VI 1.7,33,16,230410,115312,3,616,30,27,25,22,1,11,29,1,3,3,3,4,6,112,47,32,1,2,8,10,68,50,47,81,5,5,10,
2,42,VI 1.7,34,17,230411,113646,3,617,30,35,20,42,33,0,13,2,6,2,0,8,2,87,53,44,26,2,8,10,140,50,46,74,5,5,10,
2,42,VI 1.7,35,18,230412,113212,3,620,30,59,0,35,18,0,0,2,8,0,0,10,0,78,59,34,15,2,8,10,93,48,40,35,5,5,10,
2,42,VI 1.7,36,19,230413,113116,3,626,30,18,31,15,2,38,18,1,5,2,2,5,5,136,56,39,11,2,8,10,102,43,37,93,5,5,10,
2,42,VI 1.7,37,20,230414,112830,3,617,30,54,0,41,7,0,0,2,8,0,0,10,0,75,60,38,13,2,8,10,103,44,45,93,5,5,10,
2,42,VI 1.7,38,21,230417,113823,3,620,30,60,5,20,5,0,1,1,8,0,1,9,1,78,63,44,0,2,8,10,133,41,57,70,5,5,10,
2,42,VI 1.7,39,22,230418,112843,3,622,30,68,0,27,6,0,0,2,8,0,0,10,0,51,66,34,1,2,8,10,164,40,51,63,5,5,10,
2,42,VI 1.7,40,23,230419,113117,3,621,30,60,1,22,2,26,0,2,7,1,0,9,1,67,64,38,5,2,8,10,174,35,47,83,5,5,10,
2,42,VI 1.7,41,24,230420,112436,3,619,30,57,5,13,1,42,0,2,6,1,1,8,2,62,63,34,2,2,8,10,139,32,42,91,5,5,10,
2,42,VI 1.7,42,25,230421,113858,3,621,30,60,2,43,3,0,0,2,8,0,0,9,1,59,65,46,2,2,8,10,145,37,49,60,5,5,10,
2,42,VI 1.7,43,26,230424,113536,3,621,30,52,5,22,2,0,0,1,8,1,0,9,1,71,61,38,4,2,8,10,113,38,44,105,5,5,10,
2,42,VI 1.7,44,27,230425,111408,3,621,30,57,6,34,3,0,6,2,6,0,2,8,2,252,58,30,1,2,8,10,157,35,45,71,5,5,9,
2,6125,VI 4.75,1,1,230216,113307,4,745,30,0,85,0,0,12,43,0,0,5,5,0,10,313,44,0,34,2,8,10,223,86,31,64,5,5,10,
2,6125,VI 4.75,2,2,230217,112932,4,789,30,0,89,0,0,31,62,0,0,5,5,0,10,747,27,1,40,2,8,10,103,73,32,51,5,5,10,
2,6125,VI 4.75,3,3,230220,113631,4,796,30,0,109,0,0,32,78,0,0,5,5,0,10,1156,16,5,27,2,8,10,105,98,31,81,5,5,10,
2,6125,VI 4.75,4,4,230221,113606,4,755,30,0,80,0,0,23,31,0,0,5,5,0,10,687,56,1,15,2,8,10,79,88,24,33,5,5,10,
2,6125,VI 4.75,5,5,230222,113323,4,736,30,2,119,0,0,29,62,0,0,5,5,1,9,1240,46,1,2,2,8,9,102,124,40,74,5,5,9,
2,6125,VI 4.75,6,6,230223,113826,4,725,30,6,109,0,0,11,58,0,1,4,5,1,9,523,47,0,1,2,8,10,79,128,35,51,5,5,10,
2,6125,VI 4.75,7,7,230224,112312,4,730,30,1,97,0,1,25,36,0,1,4,5,1,9,518,63,0,0,2,8,10,101,95,22,31,5,5,10,
2,6125,VI 4.75,8,8,230227,114038,4,723,30,0,110,0,0,21,35,0,0,5,5,0,10,281,79,1,0,2,8,10,78,98,15,19,5,5,10,
2,6125,VI 4.75,9,9,230228,113428,4,730,30,6,80,0,0,5,39,0,0,5,5,1,9,429,40,0,2,2,8,10,135,80,18,36,5,5,10,
2,6125,VI 4.75,10,10,230301,112255,4,722,30,2,87,0,0,17,22,0,0,5,5,1,9,174,58,1,3,2,8,10,77,76,9,25,5,5,10,
2,6125,VI 4.75,11,11,230302,113533,4,716,30,8,73,0,2,15,28,0,2,4,4,3,7,165,77,1,1,2,8,10,107,80,11,17,5,5,10,
2,6125,VI 4.75,12,12,230303,113211,4,723,30,36,31,0,1,8,13,1,1,5,3,5,5,273,64,0,1,2,8,10,94,62,2,13,5,5,10,
2,6125,VI 4.75,13,13,230306,113044,4,712,30,12,71,0,2,20,14,1,2,3,4,3,7,95,118,1,2,2,8,10,91,85,13,14,5,5,10,
2,6125,VI 4.75,14,14,230307,113359,4,714,30,23,64,0,0,8,17,0,1,5,4,2,8,91,122,0,2,2,8,10,139,73,3,20,5,5,10,
2,6125,VI 4.75,15,15,230308,112807,4,712,30,54,38,0,4,6,5,1,6,2,1,6,4,158,87,0,2,2,8,10,76,82,9,9,5,5,10,
2,6125,VI 4.75,16,16,230309,113206,4,716,30,63,37,1,1,3,7,1,3,2,4,4,6,213,84,2,0,2,8,10,69,87,10,14,5,5,10,
2,6125,VI 4.75,17,17,230310,113529,4,713,30,75,20,1,3,0,0,2,8,0,0,8,2,105,121,0,0,2,8,10,80,78,3,7,5,5,10,
2,6125,VI 1.7,18,1,230320,113519,4,623,30,40,15,0,4,0,22,1,5,2,2,7,3,329,30,0,3,2,8,10,113,43,28,36,5,5,10,
2,6125,VI 1.7,19,2,230321,112202,4,628,30,14,30,0,0,18,22,1,1,3,5,1,9,115,39,1,1,2,8,10,85,56,13,27,5,5,10,
2,6125,VI 1.7,20,3,230322,112907,4,682,30,18,16,0,0,1,24,1,2,5,2,3,7,117,34,1,1,2,8,10,606,31,0,24,5,5,10,
2,6125,VI 1.7,21,4,230323,114333,4,629,30,21,11,1,2,2,5,1,6,1,2,5,5,136,37,0,3,2,8,10,82,32,8,32,5,5,10,
2,6125,VI 1.7,22,5,230324,113234,4,622,30,24,12,1,1,7,6,1,5,2,2,5,5,94,46,0,1,2,8,10,101,33,10,25,5,5,10,
2,6125,VI 1.7,23,6,230327,113420,4,620,30,32,15,2,3,0,13,2,6,1,1,8,2,93,51,3,2,2,8,10,89,49,21,69,5,5,10,
2,6125,VI 1.7,24,7,230328,111130,4,623,30,34,8,0,1,1,8,2,5,1,2,7,3,295,46,1,1,2,8,10,93,40,4,36,5,5,10,
2,6125,VI 1.7,25,8,230329,112819,4,653,30,35,6,1,1,8,13,2,6,0,2,7,3,120,39,2,2,2,8,10,386,34,18,43,5,5,10,
2,6125,VI 1.7,26,9,230330,114106,4,636,30,46,3,1,2,0,9,1,8,0,1,9,1,88,57,1,1,2,8,10,264,24,7,29,5,5,10,
2,6125,VI 1.7,27,10,230331,113200,4,626,30,42,1,2,1,0,0,2,8,0,0,10,0,89,49,1,3,2,8,10,212,25,14,14,5,5,10,
2,6125,VI 1.7,28,11,230403,113906,4,626,30,46,1,1,5,0,0,2,7,1,0,9,1,470,60,1,2,2,8,9,135,28,12,33,5,5,9,
2,6125,VI 1.7,29,12,230404,112538,4,626,30,54,0,1,4,0,0,2,8,0,0,10,0,502,51,2,2,2,8,9,131,30,2,12,5,5,9,
2,6125,VI 1.7,30,13,230405,113138,4,624,30,51,0,2,3,0,0,2,8,0,0,10,0,89,54,1,1,2,8,10,333,22,3,14,5,5,9,
2,6125,VI 1.7,31,14,230406,112226,4,638,30,57,0,2,3,0,0,2,8,0,0,10,0,100,56,2,2,2,8,9,866,22,9,11,5,5,9,
2,6125,VI 1.7,32,15,230407,113128,4,629,30,54,0,1,3,0,0,2,8,0,0,10,0,739,57,1,2,2,8,10,355,26,2,15,5,5,7,
2,6125,VI 1.7,33,16,230410,115322,4,646,30,55,1,3,3,0,0,2,8,0,0,9,1,73,60,2,2,2,8,10,351,15,15,11,5,5,10,
2,6125,VI 1.7,34,17,230411,113628,4,629,30,54,0,3,7,0,0,2,8,0,0,10,0,93,55,2,2,2,8,10,207,21,11,42,5,5,10,
2,6125,VI 1.7,35,18,230412,113142,4,627,30,54,0,2,2,0,0,2,8,0,0,10,0,272,59,2,2,2,8,10,236,27,9,33,5,5,10,
2,6125,VI 1.7,36,19,230413,113138,4,622,30,55,1,1,7,4,0,1,8,0,1,9,1,82,57,3,4,2,8,10,157,49,10,21,5,5,10,
2,6125,VI 1.7,37,20,230414,112844,4,622,30,56,0,4,5,0,0,2,8,0,0,10,0,83,62,2,3,2,8,10,162,40,2,22,5,5,10,
2,6125,VI 1.7,38,21,230417,113833,4,629,30,59,0,3,5,0,0,2,8,0,0,10,0,80,57,1,2,2,8,10,169,41,4,17,5,5,10,
2,6125,VI 1.7,39,22,230418,112825,4,628,30,55,0,4,3,0,0,2,8,0,0,10,0,87,60,2,4,2,8,10,229,36,2,17,5,5,10,
2,6125,VI 1.7,40,23,230419,113103,4,623,30,57,1,1,4,0,12,2,7,0,1,9,1,283,52,1,10,2,8,10,220,28,17,57,5,5,10,
2,6125,VI 1.7,41,24,230420,112450,4,626,30,59,0,1,5,0,0,2,8,0,0,10,0,80,61,2,5,2,8,10,235,24,13,19,5,5,10,
2,6125,VI 1.7,42,25,230421,113912,4,626,30,58,0,2,10,0,0,2,8,0,0,10,0,77,62,2,8,2,8,10,202,38,2,50,5,5,10,
2,6125,VI 1.7,43,26,230424,113549,4,623,30,46,0,3,27,0,0,2,8,0,0,10,0,266,62,0,8,2,8,10,160,40,5,52,5,5,10,
2,6125,VI 1.7,44,27,230425,111422,4,641,30,52,0,3,3,0,0,2,8,0,0,10,0,76,56,0,3,2,8,10,353,20,7,27,5,5,10,
2,1311,VI 4.75,1,1,230216,145528,4,728,30,10,62,0,26,24,60,0,3,3,4,4,6,200,83,19,69,2,8,10,122,68,30,67,5,5,10,
2,1311,VI 4.75,2,2,230217,150955,4,722,30,15,62,0,1,11,94,0,1,5,4,3,7,296,36,20,41,2,8,10,135,72,22,86,5,5,10,
2,1311,VI 4.75,3,3,230220,150642,4,732,30,1,94,0,0,23,82,0,1,5,4,1,9,1156,49,17,30,2,8,9,124,91,23,107,5,5,9,
2,1311,VI 4.75,4,4,230221,153638,4,758,30,31,74,10,20,27,50,1,2,4,3,3,7,924,36,17,19,2,8,10,96,101,23,92,5,5,10,
2,1311,VI 4.75,5,5,230222,150330,4,739,30,0,99,0,0,22,75,0,0,5,5,0,10,479,96,2,14,2,8,10,116,109,32,74,5,5,10,
2,1311,VI 4.75,6,6,230223,144658,4,716,30,16,101,0,2,25,87,0,1,5,4,2,8,196,91,7,8,2,8,10,129,97,21,94,5,5,10,
2,1311,VI 4.75,7,7,230224,145624,4,714,30,17,75,0,0,23,118,0,0,5,5,1,9,629,81,4,5,2,8,9,115,99,17,122,5,5,10,
2,1311,VI 4.75,8,8,230227,145708,4,714,30,12,77,2,0,19,94,1,1,4,4,3,7,156,109,0,24,2,8,10,95,91,35,138,5,5,10,
2,1311,VI 4.75,9,9,230228,151631,4,718,30,3,66,0,0,15,111,0,1,4,5,1,9,149,92,3,7,2,8,10,118,102,9,99,5,5,10,
2,1311,VI 4.75,10,10,230301,144807,4,712,30,32,60,1,0,23,89,1,2,4,3,3,7,134,120,7,2,2,8,10,172,94,17,109,5,5,10,
2,1311,VI 4.75,11,11,230302,150318,4,804,30,25,82,0,0,0,71,1,2,4,3,3,7,1071,82,4,2,2,8,9,1094,84,10,88,5,5,9,
2,1311,VI 4.75,12,12,230303,145605,4,714,30,9,67,0,2,12,76,0,1,4,5,1,9,190,101,5,1,2,8,10,147,82,8,103,5,5,10,
2,1311,VI 4.75,13,13,230306,150851,4,715,30,76,34,3,0,10,43,1,4,3,2,6,4,164,104,1,11,2,8,10,144,94,8,108,5,5,10,
2,1311,VI 4.75,14,14,230307,145710,4,711,30,42,44,0,0,15,60,0,2,4,4,3,7,106,109,4,5,2,8,10,150,73,7,83,5,5,10,
2,1311,VI 4.75,15,15,230308,144310,4,723,30,62,31,4,4,12,28,1,4,3,2,5,5,112,104,21,2,2,8,10,260,73,12,93,5,5,10,
2,1311,VI 4.75,16,16,230309,150410,4,713,30,63,39,4,3,0,68,1,4,2,3,7,3,183,101,5,2,2,8,10,127,86,6,73,5,5,10,
2,1311,VI 4.75,17,17,230310,145046,4,716,30,2,82,2,0,6,85,1,1,3,5,1,9,114,131,2,1,2,8,10,123,87,13,91,5,5,10,
2,1311,VI 1.7,18,1,230320,150036,4,628,30,30,13,12,8,0,29,2,5,1,2,7,3,170,39,12,6,2,8,10,160,35,20,98,5,5,10,
2,1311,VI 1.7,19,2,230321,150157,4,627,30,36,9,10,5,14,14,1,6,2,1,7,3,214,23,13,12,2,8,10,127,34,21,110,5,5,10,
2,1311,VI 1.7,20,3,230322,150052,4,625,30,33,5,15,2,4,28,2,5,2,1,7,3,114,44,6,9,2,8,10,158,33,23,128,5,5,10,
2,1311,VI 1.7,21,4,230323,150612,4,631,30,43,0,14,13,0,0,2,8,0,0,10,0,112,42,12,10,2,8,10,225,35,23,121,5,5,10,
2,1311,VI 1.7,22,5,230324,143745,4,630,30,40,0,17,8,0,0,2,8,0,0,10,0,125,34,6,6,2,8,10,218,36,12,137,5,5,10,
2,1311,VI 1.7,23,6,230327,144245,4,630,30,30,2,7,6,0,18,1,7,1,1,8,2,127,36,15,4,2,8,10,253,30,14,93,5,5,10,
2,1311,VI 1.7,24,7,230328,150440,4,626,30,35,9,12,4,0,46,2,6,2,0,8,2,482,43,23,6,2,8,10,200,24,20,97,5,5,9,
2,1311,VI 1.7,25,8,230329,144110,4,636,30,27,12,5,5,2,53,1,4,2,3,5,5,124,34,15,6,2,8,10,332,27,30,113,5,5,10,
2,1311,VI 1.7,26,9,230330,150325,4,638,30,24,25,7,8,0,23,1,6,1,2,7,3,124,40,13,10,2,8,10,298,28,17,88,5,5,10,
2,1311,VI 1.7,27,10,230331,150149,4,639,30,40,3,18,5,0,15,2,7,1,0,9,1,147,31,23,13,2,8,10,332,23,9,163,5,5,10,
2,1311,VI 1.7,28,11,230403,144210,4,631,30,26,15,10,9,8,0,1,8,0,1,9,1,96,44,16,12,2,8,10,214,29,11,124,5,5,10,
2,1311,VI 1.7,29,12,230404,145849,4,631,30,37,4,14,7,0,4,2,7,1,0,9,1,144,46,10,10,2,8,10,176,31,14,83,5,5,10,
2,1311,VI 1.7,30,13,230405,150738,4,629,30,39,2,11,8,5,2,1,7,1,1,8,2,116,36,12,8,2,8,10,177,35,12,104,5,5,10,
2,1311,VI 1.7,31,14,230406,145628,4,639,30,20,24,6,7,6,46,1,5,2,2,6,4,284,43,25,6,2,8,10,262,34,6,107,5,5,10,
2,1311,VI 1.7,32,15,230407,144453,4,631,30,45,3,24,7,0,6,2,7,0,1,9,1,146,41,21,8,2,8,10,245,23,21,63,5,5,10,
2,1311,VI 1.7,33,16,230410,144421,4,635,30,39,4,25,13,7,0,2,7,0,1,9,1,76,43,13,7,2,8,10,305,25,15,81,5,5,10,
2,1311,VI 1.7,34,17,230411,144705,4,646,30,41,1,15,9,0,4,1,8,0,1,9,1,141,51,14,5,2,8,10,368,26,6,95,5,5,10,
2,1311,VI 1.7,35,18,230412,145430,4,631,30,30,17,2,7,0,11,1,7,1,1,8,2,113,38,6,7,2,8,10,332,15,9,145,5,5,10,
2,1311,VI 1.7,36,19,230413,143740,4,628,30,44,0,19,10,0,0,2,8,0,0,10,0,131,35,15,7,2,8,10,202,23,5,153,5,5,9,
2,1311,VI 1.7,37,20,230414,145358,4,634,30,36,20,11,6,4,2,1,7,1,1,8,2,274,47,20,7,2,8,10,282,28,2,156,5,5,10,
2,1311,VI 1.7,38,21,230417,152344,4,643,30,40,6,19,8,5,43,1,6,1,2,7,3,76,41,30,8,2,8,10,453,15,7,171,5,5,10,
2,1311,VI 1.7,39,22,230418,143537,4,635,30,24,22,26,3,0,52,2,4,2,2,6,4,166,37,29,11,2,8,10,223,27,18,153,5,5,10,
2,1311,VI 1.7,40,23,230419,145250,4,632,30,36,5,25,7,0,35,2,6,0,2,8,2,276,43,23,7,2,8,10,705,18,5,104,5,5,9,
2,1311,VI 1.7,41,24,230420,142926,4,633,30,44,1,20,9,0,20,2,7,1,0,9,1,99,45,19,11,2,8,10,318,19,12,95,5,5,10,
2,1311,VI 1.7,42,25,230421,144527,4,632,30,58,2,10,9,0,27,1,7,1,1,8,2,115,43,24,12,2,8,10,317,14,23,100,5,5,10,
2,1311,VI 1.7,43,26,230424,150234,4,639,30,43,5,29,9,0,38,2,6,1,1,8,2,65,60,30,17,2,8,10,330,23,18,149,5,5,10,
2,1311,VI 1.7,44,27,230425,143715,4,633,30,54,0,24,9,0,0,2,8,0,0,10,0,80,48,24,10,2,8,10,267,32,8,72,5,5,10,
2,1349,VI 4.75,1,1,230216,124745,3,709,30,8,111,18,0,22,119,1,1,3,5,2,8,196,109,39,23,2,8,10,103,122,35,113,5,5,10,
2,1349,VI 4.75,2,2,230217,124158,3,828,30,6,121,18,0,19,130,1,1,4,4,2,8,70,145,36,3,2,8,10,1290,115,39,130,5,5,10,
2,1349,VI 4.75,3,3,230220,123957,3,709,30,0,113,0,0,37,111,0,0,5,5,0,10,163,115,44,27,2,8,10,91,125,39,124,5,5,10,
2,1349,VI 4.75,4,4,230321,125100,3,1614,30,141,275,0,7,19,121,0,2,5,3,7,3,147,490,37,16,2,8,10,118,442,39,133,5,5,10,
2,1349,VI 4.75,5,5,230222,124235,3,733,30,62,44,20,68,0,63,1,6,1,2,7,3,228,111,46,152,2,8,10,219,53,43,136,5,5,10,
2,1349,VI 4.75,6,6,230223,125256,3,730,30,73,32,23,35,21,75,1,4,2,3,5,5,100,121,46,84,2,8,10,360,36,44,144,5,5,10,
2,1349,VI 4.75,7,7,230224,124053,3,708,30,53,50,43,30,0,69,2,4,1,3,7,3,92,133,46,36,2,8,10,159,83,32,135,5,5,10,
2,1349,VI 4.75,8,8,230227,123820,3,709,30,115,8,45,38,17,0,2,7,0,1,9,1,91,133,49,59,2,8,10,106,73,36,180,5,5,10,
2,1349,VI 4.75,9,9,230228,124605,3,745,30,100,20,22,22,0,58,1,6,2,1,7,3,99,111,43,38,2,8,10,470,72,40,145,5,5,10,
2,1349,VI 4.75,10,10,230301,124105,3,708,30,119,3,43,12,0,23,2,7,0,1,9,1,101,131,46,36,2,8,10,142,67,39,158,5,5,10,
2,1349,VI 4.75,11,11,230302,124522,3,708,30,118,8,38,27,0,19,2,7,1,0,9,1,66,127,42,18,2,8,10,137,79,41,150,5,5,10,
2,1349,VI 4.75,12,12,230303,124321,3,713,30,123,0,43,1,0,0,2,8,0,0,10,0,86,128,42,19,2,8,10,149,73,39,165,5,5,10,
2,1349,VI 4.75,13,13,230306,124702,3,713,30,138,0,47,1,0,0,2,8,0,0,10,0,70,130,47,3,2,8,10,249,54,41,175,5,5,10,
2,1349,VI 4.75,14,14,230307,124728,3,709,30,105,3,43,3,0,16,2,7,1,0,9,1,78,142,48,2,2,8,10,132,67,44,180,5,5,10,
2,1349,VI 4.75,15,15,230308,123901,3,712,30,123,0,42,8,0,0,2,8,0,0,10,0,79,124,40,2,2,8,10,136,71,44,157,5,5,10,
2,1349,VI 4.75,16,16,230309,124730,3,711,30,132,1,43,0,0,18,2,7,1,0,9,1,65,125,41,7,2,8,10,123,59,50,161,5,5,10,
2,1349,VI 4.75,17,17,230310,124359,3,714,30,110,1,41,2,0,24,2,7,0,1,9,1,65,119,41,3,2,8,10,275,56,38,161,5,5,10,
2,1349,VI 35,18,1,230320,124140,3,1616,30,275,181,17,0,19,73,1,4,3,2,8,2,103,568,40,53,2,8,10,119,476,40,158,5,5,10,
2,1349,VI 35,19,2,230321,125100,3,1614,30,141,275,0,7,19,121,0,2,5,3,7,3,147,490,37,16,2,8,10,118,442,39,133,5,5,10,
2,1349,VI 35,20,3,230322,123849,3,1618,30,79,308,0,3,37,111,0,2,4,4,5,5,95,373,41,9,2,8,10,88,375,33,155,5,5,10,
2,1349,VI 35,21,4,230323,124751,3,1638,30,44,434,0,0,22,136,0,2,5,3,2,8,361,289,40,24,2,8,10,125,492,38,146,5,5,10,
2,1349,VI 35,22,5,230324,124014,3,1618,30,58,364,0,0,37,122,0,0,5,5,3,7,130,426,36,1,2,8,10,85,405,34,133,5,5,10,
2,1349,VI 35,23,6,230327,124231,3,1636,30,10,363,0,0,36,158,0,0,5,5,2,8,86,438,46,1,2,8,10,117,311,41,170,5,5,10,
2,1349,VI 35,24,7,230328,124549,3,1622,30,1,374,0,0,38,162,0,0,5,5,1,9,175,411,47,1,2,8,10,104,363,38,170,5,5,10,
2,1349,VI 35,25,8,230329,124302,3,1614,30,3,467,0,0,42,159,0,0,5,5,1,9,239,350,42,14,2,8,10,89,509,39,167,5,5,10,
2,1349,VI 35,26,9,230330,125423,3,1669,30,8,420,0,19,21,163,0,1,5,4,1,9,936,329,46,13,2,8,10,137,445,32,168,5,5,10,
2,1349,VI 35,27,10,230331,124910,3,1641,30,1,353,0,0,36,180,0,0,5,5,0,10,397,229,46,0,2,8,10,125,378,39,178,5,5,10,
2,1349,VI 35,28,11,230403,124155,3,1617,30,0,401,0,0,36,158,0,0,5,5,0,10,244,355,45,2,2,8,10,130,385,39,169,5,5,10,
2,1349,VI 35,29,12,230404,125006,3,2400,23,8,169,0,0,22,142,0,0,3,4,1,6,1435,96,20,73,1,6,8,128,218,37,121,3,5,8,
2,1349,VI 35,30,13,230405,124310,3,1616,30,7,432,0,0,38,168,0,0,5,5,3,7,166,325,46,20,2,8,10,137,462,42,174,5,5,10,
2,1349,VI 35,31,14,230406,124830,3,1636,30,5,303,0,0,39,169,0,0,5,5,4,6,222,217,38,20,2,8,10,111,346,41,159,5,5,10,
2,1349,VI 35,32,15,230407,125328,3,1639,30,10,313,0,0,43,155,0,0,5,5,4,6,94,392,42,63,2,8,10,143,359,38,165,5,5,10,
2,1349,VI 35,33,16,230410,123947,3,1622,30,16,293,0,0,18,165,0,1,5,4,4,6,186,340,51,8,2,8,10,151,309,40,168,5,5,10,
2,1349,VI 35,34,17,230411,124112,3,1615,30,3,327,0,0,36,163,0,0,5,5,3,7,215,280,48,20,2,8,10,128,278,32,160,5,5,10,
2,1349,VI 35,35,18,230412,124112,3,1631,30,9,296,0,0,38,178,0,0,5,5,3,7,176,345,45,41,2,8,10,217,308,26,165,5,5,10,
2,1349,VI 35,36,19,230413,124034,3,1637,30,11,262,23,0,45,135,1,0,5,4,4,6,132,264,43,0,2,8,10,204,245,37,154,5,5,10,
2,1349,VI 35,37,20,230414,124822,3,1627,30,14,231,0,0,46,139,0,0,5,5,2,8,222,264,46,0,2,8,10,236,239,48,158,5,5,10,
2,1349,VI 35,38,21,230417,123954,3,1622,30,13,247,0,0,41,165,0,0,5,5,3,7,163,433,51,7,2,8,10,215,255,37,169,5,5,10,
2,1349,VI 35,39,22,230418,125049,3,1625,30,8,243,0,0,36,174,0,0,5,5,5,5,269,356,47,0,2,8,10,193,247,37,167,5,5,10,
2,1349,VI 35,40,23,230419,124106,3,1622,30,9,272,0,0,39,171,0,0,5,5,5,5,139,461,48,1,2,8,10,133,292,43,174,5,5,10,
2,1349,VI 35,41,24,230420,124642,3,1811,30,2,228,0,0,36,143,0,0,5,5,1,9,283,202,50,0,2,8,10,151,245,46,159,5,5,10,
2,1349,VI 35,42,25,230421,124710,3,1616,30,4,269,0,0,37,149,0,0,5,5,3,7,216,402,48,4,2,8,10,155,332,37,159,5,5,10,
2,1349,VI 35,43,26,230424,123919,3,1619,30,10,321,0,10,37,159,0,1,5,4,4,6,276,333,46,1,2,8,10,133,385,47,186,5,5,10,
2,1349,VI 35,44,27,230425,123749,3,1620,30,14,278,0,0,47,176,0,0,5,5,5,5,119,324,45,0,2,8,10,130,336,46,170,5,5,10,
2,48,VI 4.75,1,1,230216,124544,4,724,30,42,49,0,37,20,60,0,3,2,5,4,6,169,62,19,57,2,8,10,90,97,44,105,5,5,10,
2,48,VI 4.75,2,2,230217,124140,4,863,30,8,55,20,16,22,44,1,3,3,3,2,8,227,50,32,31,2,8,10,1472,84,17,120,5,5,10,
2,48,VI 4.75,3,3,230220,123928,4,721,30,31,50,0,8,22,63,0,3,3,4,3,7,243,58,33,20,2,8,10,124,88,19,120,5,5,10,
2,48,VI 4.75,4,4,230221,125007,4,724,30,30,46,14,16,21,37,1,2,4,3,4,6,160,93,29,16,2,8,10,133,51,8,89,5,5,10,
2,48,VI 4.75,5,5,230222,124216,4,722,30,70,27,19,18,0,46,1,5,2,2,7,3,190,99,30,0,2,8,10,166,59,29,66,5,5,10,
2,48,VI 4.75,6,6,230223,125241,4,722,30,67,40,13,26,29,29,1,3,4,2,5,5,115,100,35,9,2,8,10,129,48,8,75,5,5,10,
2,48,VI 4.75,7,7,230224,124035,4,718,30,69,32,21,3,8,47,1,4,3,2,5,5,137,89,33,4,2,8,10,144,76,38,60,5,5,10,
2,48,VI 4.75,8,8,230227,123755,4,729,30,66,36,15,0,22,27,1,3,3,3,5,5,800,114,30,1,2,8,9,145,76,43,32,5,5,9,
2,48,VI 4.75,9,9,230228,124537,4,731,30,33,58,0,0,39,59,0,1,4,5,3,7,344,111,36,1,2,8,10,92,50,29,99,5,5,9,
2,48,VI 4.75,10,10,230301,124047,4,709,30,41,63,16,0,0,53,1,4,3,2,6,4,120,107,29,10,2,8,10,108,71,26,49,5,5,10,
2,48,VI 4.75,11,11,230302,124550,4,711,30,61,29,21,0,0,42,1,6,2,1,7,3,587,89,34,3,2,8,10,76,94,39,78,5,5,9,
2,48,VI 4.75,12,12,230303,124301,4,721,30,41,43,11,0,0,23,1,6,2,1,6,4,120,109,32,0,2,8,10,128,68,41,86,5,5,10,
2,48,VI 4.75,13,13,230306,124632,4,712,30,79,34,16,0,18,9,1,7,1,1,7,3,81,126,30,10,2,8,10,170,58,41,75,5,5,10,
2,48,VI 4.75,14,14,230307,130742,4,720,30,98,20,15,0,0,11,1,5,2,2,5,5,176,119,34,3,2,8,10,123,79,37,73,5,5,10,
2,48,VI 4.75,15,15,230308,123843,4,715,30,53,37,18,0,41,3,1,4,2,3,5,5,346,112,28,0,2,8,10,139,66,36,85,5,5,10,
2,48,VI 4.75,16,16,230309,124750,4,712,30,95,26,17,1,0,26,2,6,1,1,8,2,275,119,28,3,2,8,9,184,50,34,40,5,5,10,
2,48,VI 4.75,17,17,230310,124340,4,720,30,122,6,36,7,0,11,2,6,1,1,8,2,101,106,40,0,2,8,10,218,48,32,75,5,5,10,
2,48,VI 35,18,1,230320,124116,4,1621,30,263,186,0,5,16,23,0,3,3,4,9,1,96,393,22,59,2,8,10,233,374,43,75,5,5,10,
2,48,VI 35,19,2,230321,125133,4,1629,30,110,236,0,7,25,35,0,2,4,4,7,3,67,292,21,27,2,8,10,222,305,22,41,5,5,10,
2,48,VI 35,20,3,230322,123832,4,1633,30,37,296,0,0,13,34,0,2,4,4,5,5,179,279,28,16,2,8,10,187,344,23,49,5,5,10,
2,48,VI 35,21,4,230323,125624,4,1644,30,40,260,0,0,25,67,0,1,5,4,6,4,303,163,16,6,2,8,10,112,349,23,41,5,5,10,
2,48,VI 35,22,5,230324,123954,4,1626,30,33,304,17,1,15,36,1,1,5,3,3,7,104,283,17,2,2,8,10,193,300,16,65,5,5,10,
2,48,VI 35,23,6,230327,124213,4,1627,30,42,265,0,0,7,64,0,0,5,5,5,5,245,260,24,0,2,8,10,106,287,30,18,5,5,10,
2,48,VI 35,24,7,230328,124608,4,1631,30,15,329,0,0,14,51,0,0,5,5,0,10,383,252,16,0,2,8,10,110,342,4,45,5,5,10,
2,48,VI 35,25,8,230329,124245,4,1636,30,12,291,10,0,3,38,1,0,4,5,2,8,282,231,22,0,2,8,10,212,293,15,48,5,5,10,
2,48,VI 35,26,9,230330,125440,4,1629,30,11,277,0,0,18,75,0,0,5,5,1,9,287,259,17,1,2,8,9,79,296,20,52,5,5,9,
2,48,VI 35,27,10,230331,124926,4,1633,30,24,270,0,0,18,101,0,0,5,5,4,6,200,175,17,0,2,8,10,170,287,33,49,5,5,10,
2,48,VI 35,28,11,230403,124134,4,1630,30,25,308,8,6,0,39,1,1,4,4,6,4,298,208,16,13,2,8,10,202,343,24,47,5,5,10,
2,48,VI 35,29,12,230404,124938,4,1623,30,19,335,0,0,19,32,0,0,5,5,3,7,323,267,22,1,2,8,10,131,280,7,32,5,5,10,
2,48,VI 35,30,13,230405,124252,4,1622,30,18,295,0,0,5,50,0,0,5,5,3,7,287,217,5,0,2,8,10,164,290,21,45,5,5,10,
2,48,VI 35,31,14,230406,124846,4,1665,30,8,294,0,1,16,33,0,1,5,4,3,7,237,214,11,0,2,8,10,149,307,17,32,5,5,10,
2,48,VI 35,32,15,230407,125314,4,1641,30,21,265,0,0,3,38,0,0,5,5,3,7,362,262,10,1,2,8,10,162,298,5,13,5,5,10,
2,48,VI 35,33,16,230410,123931,4,1623,30,11,284,21,0,31,15,1,0,5,4,1,9,392,203,15,28,2,8,10,133,278,36,40,5,5,10,
2,48,VI 35,34,17,230411,124036,4,1630,30,16,261,0,18,2,28,0,1,4,5,1,9,225,149,12,0,2,8,10,144,292,34,25,5,5,10,
2,48,VI 35,35,18,230412,124054,4,1646,30,12,266,0,0,31,25,0,0,5,5,1,9,201,189,19,14,2,8,10,136,275,15,24,5,5,10,
2,48,VI 35,36,19,230413,124020,4,1628,30,29,230,0,1,16,15,0,2,4,4,2,8,244,190,21,0,2,8,10,206,263,18,17,5,5,10,
2,48,VI 35,37,20,230414,124832,4,1621,30,37,221,0,5,21,28,0,1,4,5,2,8,337,225,27,0,2,8,10,216,269,4,15,5,5,10,
2,48,VI 35,38,21,230417,123940,4,1641,30,33,256,9,0,33,33,1,0,5,4,4,6,336,299,23,4,2,8,10,143,269,20,34,5,5,10,
2,48,VI 35,39,22,230418,125103,4,1619,30,55,236,0,8,2,16,0,1,4,5,4,6,238,257,21,4,2,8,10,168,290,21,37,5,5,10,
2,48,VI 35,40,23,230419,124037,4,1629,30,27,270,0,0,20,38,0,0,5,5,3,7,207,225,18,0,2,8,10,400,255,32,17,5,5,10,
2,48,VI 35,41,24,230420,124656,4,1628,30,46,257,0,0,31,30,0,1,4,5,4,6,270,181,15,0,2,8,10,113,288,23,21,5,5,10,
2,48,VI 35,42,25,230421,124726,4,1628,30,26,261,0,0,18,29,0,0,5,5,2,8,216,223,19,0,2,8,10,159,276,25,22,5,5,10,
2,48,VI 35,43,26,230424,123855,4,1626,30,42,268,18,0,15,42,1,1,4,4,4,6,203,225,15,0,2,8,10,164,294,19,14,5,5,10,
2,48,VI 35,44,27,230425,123801,4,1623,30,62,249,10,0,18,23,1,2,3,4,3,7,160,210,21,0,2,8,10,146,300,6,13,5,5,10,
2,392,VI 4.75,1,1,230220,140359,3,2400,30,29,26,4,30,6,0,1,8,0,1,7,3,13133,47,3,39,2,8,10,3063,26,17,47,5,5,10,
2,392,VI 4.75,2,2,230221,141706,3,2068,30,28,5,9,23,0,15,1,8,1,0,9,1,2078,19,26,22,2,8,10,2455,15,36,82,5,5,10,
2,392,VI 4.75,3,3,230222,135813,3,1019,30,23,9,15,15,16,28,1,6,2,1,6,4,865,26,20,21,2,8,10,1433,22,11,119,5,5,10,
2,392,VI 4.75,4,4,230223,140723,3,805,30,20,26,12,15,6,40,1,5,3,1,8,2,741,40,12,11,2,8,10,401,45,16,101,5,5,10,
2,392,VI 4.75,5,5,230224,135554,3,832,30,11,47,12,3,22,45,1,3,3,3,5,5,463,49,15,8,2,8,10,195,49,19,98,5,5,10,
2,392,VI 4.75,6,6,230227,115739,3,760,30,59,18,6,2,21,56,1,2,3,4,5,5,181,49,20,3,2,8,10,321,60,20,80,5,5,10,
2,392,VI 4.75,7,7,230227,135657,3,778,30,65,2,12,1,14,9,2,6,1,1,8,2,647,81,10,6,2,8,9,325,82,19,70,5,5,9,
2,392,VI 4.75,8,8,230228,140043,3,716,30,58,19,5,5,0,29,1,6,0,3,8,2,195,62,19,11,2,8,10,132,78,24,85,5,5,10,
2,392,VI 4.75,9,9,230301,135750,3,736,30,84,1,6,6,0,12,1,8,0,1,9,1,149,88,16,1,2,8,10,437,56,25,87,5,5,10,
2,392,VI 4.75,10,10,230302,140920,3,718,30,87,1,24,9,0,0,2,8,0,0,9,1,138,88,19,4,2,8,10,187,71,29,101,5,5,10,
2,392,VI 4.75,11,11,230303,135741,3,718,30,68,0,18,4,0,0,2,8,0,0,10,0,124,80,20,3,2,8,10,180,73,21,98,5,5,10,
2,392,VI 4.75,12,12,230304,151810,3,727,30,69,0,21,2,0,0,2,8,0,0,10,0,330,65,25,12,2,8,10,289,58,25,98,5,5,10,
2,392,VI 4.75,13,13,230306,135646,3,727,30,85,13,9,2,11,17,1,6,2,1,7,3,205,90,22,15,2,8,10,325,56,24,90,5,5,10,
2,392,VI 4.75,14,14,230307,140532,3,732,30,96,5,11,27,0,12,1,8,1,0,9,1,727,78,23,16,2,8,10,248,47,24,64,5,5,9,
2,392,VI 4.75,15,15,230308,135559,3,744,30,75,0,17,30,0,0,2,8,0,0,10,0,115,88,16,7,2,8,10,265,50,18,88,5,5,10,
2,392,VI 4.75,16,16,230309,141339,3,714,30,73,5,28,6,0,0,2,8,0,0,9,1,103,84,26,9,2,8,10,167,66,20,93,5,5,10,
2,392,VI 4.75,17,17,230310,135352,3,721,30,88,1,19,7,0,0,2,8,0,0,9,1,96,96,16,6,2,8,10,203,53,23,107,5,5,10,
2,392,VI 35,18,1,230320,135617,3,1656,30,221,107,19,1,0,33,2,5,2,1,8,2,560,270,17,2,2,8,10,363,275,18,99,5,5,10,
2,392,VI 35,19,2,230321,142015,3,1635,30,293,41,23,0,0,39,2,5,1,2,8,2,108,300,20,4,2,8,10,268,278,26,108,5,5,10,
2,392,VI 35,20,3,230322,135423,3,1697,30,95,148,8,2,22,60,1,2,4,3,8,2,433,209,18,3,2,8,10,365,217,28,105,5,5,10,
2,392,VI 35,21,4,230323,135722,3,1640,30,106,153,0,1,34,57,0,3,3,4,9,1,208,272,28,3,2,8,10,216,238,30,101,5,5,10,
2,392,VI 35,22,5,230324,135439,3,1639,30,49,210,14,2,24,51,1,3,3,3,5,5,365,249,20,2,2,8,10,158,279,27,104,5,5,10,
2,392,VI 35,23,6,230327,135620,3,1627,30,35,237,0,0,29,94,0,0,5,5,5,5,116,313,14,4,2,8,10,184,283,26,99,5,5,10,
2,392,VI 35,24,7,230328,140949,3,1637,30,34,212,0,0,25,85,0,1,4,5,5,5,164,225,24,2,2,8,10,127,269,28,97,5,5,10,
2,392,VI 35,25,8,230329,135853,3,1646,30,40,230,0,0,29,105,0,0,5,5,4,6,266,176,15,2,2,8,10,246,295,32,109,5,5,10,
2,392,VI 35,26,9,230330,142030,3,1821,30,38,259,13,0,27,59,1,3,2,4,4,6,159,246,14,3,2,8,10,325,325,29,111,5,5,10,
2,392,VI 35,27,10,230331,134257,3,1630,30,22,358,0,0,27,83,0,2,4,4,2,8,124,275,6,2,2,8,10,156,366,23,115,5,5,10,
2,392,VI 35,28,11,230403,135722,3,1625,30,31,366,6,0,19,63,1,1,4,4,4,6,123,329,19,4,2,8,10,120,403,23,97,5,5,10,
2,392,VI 35,29,12,230404,133917,3,1771,30,70,303,13,1,0,47,1,4,2,3,4,6,137,402,12,1,2,8,10,145,391,22,66,5,5,10,
2,392,VI 35,30,13,230405,135836,3,1627,30,18,346,0,0,8,39,0,0,5,5,0,10,132,335,19,0,2,8,10,142,350,8,38,5,5,10,
2,392,VI 35,31,14,230406,135421,3,1637,30,20,337,0,0,15,14,0,0,5,5,4,6,176,284,2,0,2,8,10,160,331,7,20,5,5,10,
2,392,VI 35,32,15,230407,135347,3,1651,30,34,260,0,0,8,32,0,0,5,5,6,4,377,234,6,10,2,8,10,123,321,1,17,5,5,10,
2,392,VI 35,33,16,230410,135508,3,1665,30,15,261,0,0,6,35,0,0,5,5,2,8,303,193,10,4,2,8,10,114,285,4,29,5,5,10,
2,392,VI 35,34,17,230411,135645,3,1635,30,8,273,0,0,15,27,0,0,5,5,0,10,235,219,7,2,2,8,10,180,279,5,28,5,5,10,
2,392,VI 35,35,18,230412,135138,3,1635,30,17,255,2,0,11,9,1,1,4,4,1,9,193,273,0,0,2,8,10,143,274,5,21,5,5,10,
2,392,VI 35,36,19,230413,134451,3,1637,30,28,210,1,0,1,22,1,2,4,3,1,9,226,258,1,3,2,8,10,215,282,3,15,5,5,10,
2,392,VI 35,37,20,230414,140624,3,2315,30,48,145,2,1,5,15,1,2,4,3,3,7,1054,191,4,5,2,8,10,404,253,5,19,5,5,10,
2,392,VI 35,38,21,230417,135526,3,1650,30,26,231,0,0,8,12,0,0,5,5,3,7,247,230,3,4,2,8,10,172,290,3,20,5,5,10,
2,392,VI 35,39,22,230418,135117,3,1640,30,51,225,0,0,0,11,1,1,4,4,5,5,180,220,2,4,2,8,10,135,256,1,15,5,5,10,
2,392,VI 35,40,23,230419,135243,3,1644,30,60,228,0,1,2,14,0,2,3,5,4,6,202,217,4,5,2,8,10,198,267,8,36,5,5,10,
2,392,VI 35,41,24,230420,135158,3,1640,30,37,211,0,1,2,30,0,2,3,5,4,6,235,166,2,5,2,8,10,215,271,3,20,5,5,10,
2,392,VI 35,42,25,230421,135238,3,1646,30,34,212,0,1,3,22,1,1,5,3,3,7,250,190,7,5,2,8,10,204,211,4,18,5,5,10,
2,392,VI 35,43,26,230424,135617,3,1640,30,33,218,0,0,2,32,0,1,4,5,1,9,240,216,4,9,2,8,10,168,266,7,22,5,5,10,
2,392,VI 35,44,27,230425,135357,3,1650,30,20,191,0,0,9,28,0,0,5,5,2,8,232,206,2,7,2,8,10,181,225,9,25,5,5,10,
2,4,VI 4.75,1,1,230216,141307,4,716,30,12,90,0,0,44,151,0,0,5,5,4,6,108,99,19,41,2,8,10,96,106,41,150,5,5,10,
2,4,VI 4.75,2,2,230217,135913,4,714,30,15,81,0,1,47,118,0,2,4,4,6,4,80,103,21,1,2,8,10,131,91,47,167,5,5,10,
2,4,VI 4.75,3,3,230220,140411,4,711,30,34,102,6,0,41,76,1,3,3,3,5,5,77,119,7,4,2,8,10,139,121,44,148,5,5,10,
2,4,VI 4.75,4,4,230221,141724,4,710,30,38,61,8,0,22,108,1,3,3,3,9,1,289,117,26,1,2,8,10,126,109,41,171,5,5,10,
2,4,VI 4.75,5,5,230222,135804,4,713,30,94,13,34,0,19,0,2,7,1,0,9,1,59,126,26,2,2,8,10,135,81,44,185,5,5,10,
2,4,VI 4.75,6,6,230223,140704,4,725,30,85,27,34,0,0,65,2,5,2,1,9,1,113,127,38,0,2,8,10,264,62,38,171,5,5,10,
2,4,VI 4.75,7,7,230224,135626,4,728,30,92,9,27,0,0,23,2,7,1,0,10,0,105,116,18,0,2,8,10,187,82,43,178,5,5,10,
2,4,VI 4.75,8,8,230227,135726,4,719,30,98,12,11,0,22,84,1,4,1,4,10,0,242,123,28,0,2,8,10,326,67,46,185,5,5,10,
2,4,VI 4.75,9,9,230228,140007,4,713,30,102,8,17,0,25,24,1,7,1,1,10,0,71,119,33,1,2,8,10,261,71,48,185,5,5,10,
2,4,VI 4.75,10,10,230301,135731,4,720,30,60,34,20,0,0,93,2,4,3,1,10,0,77,111,29,1,2,8,10,305,66,48,172,5,5,10,
2,4,VI 4.75,11,11,230302,140854,4,715,30,96,8,33,0,0,26,2,7,1,0,10,0,92,128,28,0,2,8,10,321,52,46,195,5,5,10,
2,4,VI 4.75,12,12,230303,135750,4,725,30,70,18,14,1,0,21,1,8,1,0,9,1,192,97,28,0,2,8,10,201,75,43,172,5,5,10,
2,4,VI 4.75,13,13,230306,135705,4,710,30,67,47,40,0,0,64,2,5,1,2,10,0,87,114,31,0,2,8,10,166,76,43,167,5,5,10,
2,4,VI 4.75,14,14,230307,140450,4,716,30,63,35,17,0,43,22,1,6,1,2,10,0,88,108,26,0,2,8,10,179,98,45,176,5,5,10,
2,4,VI 4.75,15,15,230308,135612,4,717,30,53,48,18,0,0,75,1,5,2,2,10,0,75,99,26,1,2,8,10,169,73,45,162,5,5,10,
2,4,VI 4.75,16,16,230309,141325,4,715,30,55,30,17,0,21,68,1,5,3,1,9,1,66,106,35,0,2,8,10,168,68,48,184,5,5,10,
2,4,VI 4.75,17,17,230310,135359,4,717,30,57,33,19,0,0,84,1,5,2,2,9,1,80,88,27,0,2,8,10,238,55,47,173,5,5,10,
2,4,VI 35,18,1,230320,135659,4,1620,30,272,417,19,2,37,74,1,2,2,5,9,1,97,686,33,24,2,8,10,162,450,41,115,5,5,10,
2,4,VI 35,19,2,230321,141926,4,1652,30,140,142,0,0,8,16,0,2,4,4,6,4,497,307,10,0,2,8,10,434,237,11,20,5,5,10,
2,4,VI 35,20,3,230322,135408,4,1734,30,21,278,0,1,14,41,0,2,3,5,6,4,1070,231,15,0,2,8,10,315,249,33,52,5,5,9,
2,4,VI 35,21,4,230323,135647,4,1723,30,11,282,0,0,17,35,0,1,4,5,4,6,375,168,10,1,2,8,10,606,226,14,45,5,5,10,
2,4,VI 35,22,5,230324,135458,4,1632,30,12,281,0,0,18,78,0,0,5,5,2,8,201,288,12,0,2,8,10,330,481,17,85,5,5,10,
2,4,VI 35,23,6,230327,135639,4,1665,30,7,254,0,0,16,112,0,0,5,5,1,9,228,232,12,0,2,8,10,379,222,21,110,5,5,10,
2,4,VI 35,24,7,230328,140929,4,1665,30,13,158,0,0,8,76,0,0,5,5,3,7,299,243,6,0,2,8,10,438,209,11,62,5,5,10,
2,4,VI 35,25,8,230329,135927,4,1715,30,14,183,0,0,5,54,0,0,5,5,4,6,445,205,7,0,2,8,10,279,234,10,46,5,5,10,
2,4,VI 35,26,9,230330,134848,4,1666,30,4,266,0,0,22,38,0,0,5,5,1,9,295,254,6,1,2,8,10,633,227,11,45,5,5,10,
2,4,VI 35,27,10,230331,135814,4,1646,30,15,252,0,0,12,72,0,1,5,4,0,10,502,282,17,53,2,8,10,159,306,21,74,5,5,10,
2,4,VI 35,28,11,230403,135745,4,1622,30,18,311,0,0,15,67,0,0,5,5,1,9,280,360,11,9,2,8,10,141,353,20,71,5,5,10,
2,4,VI 35,29,12,230404,133930,4,1634,30,1,300,0,0,20,85,0,0,5,5,0,10,200,245,13,0,2,8,10,239,302,18,101,5,5,10,
2,4,VI 35,30,13,230405,135856,4,1629,30,4,310,0,0,16,74,0,0,5,5,1,9,273,247,11,0,2,8,10,118,338,20,84,5,5,10,
2,4,VI 35,31,14,230406,135346,4,1628,30,3,286,0,0,18,54,0,1,4,5,0,10,246,247,9,0,2,8,10,208,356,25,57,5,5,10,
2,4,VI 35,32,15,230407,135323,4,1632,30,6,336,0,0,15,51,0,0,5,5,1,9,1133,224,9,0,2,8,9,218,373,17,45,5,5,8,
2,4,VI 35,33,16,230410,135452,4,1616,30,3,401,0,0,27,62,0,0,5,5,1,9,284,270,11,0,2,8,10,298,403,19,70,5,5,10,
2,4,VI 35,34,17,230411,135622,4,1617,30,2,378,0,0,4,56,0,0,5,5,1,9,268,270,9,2,2,8,10,146,412,18,62,5,5,10,
2,4,VI 35,35,18,230412,135155,4,1632,30,0,349,0,0,14,56,0,0,5,5,0,10,264,230,7,1,2,8,10,208,369,12,66,5,5,10,
2,4,VI 35,36,19,230413,134432,4,1650,30,7,328,0,0,9,42,0,0,5,5,1,9,513,235,4,0,2,8,10,205,376,4,23,5,5,10,
2,4,VI 35,37,20,230414,140604,4,1634,30,2,363,1,0,10,60,1,0,5,4,0,10,193,211,15,0,2,8,10,261,347,16,53,5,5,10,
2,4,VI 35,38,21,230417,135512,4,1631,30,25,310,3,0,5,42,1,1,4,4,1,9,227,250,7,11,2,8,10,321,388,6,76,5,5,10,
2,4,VI 35,39,22,230418,135053,4,1627,30,27,311,0,0,2,43,0,2,5,3,1,9,235,198,3,0,2,8,10,191,400,3,35,5,5,10,
2,4,VI 35,40,23,230419,135227,4,1634,30,14,321,0,0,1,30,0,2,4,4,0,10,466,212,6,0,2,8,10,276,395,7,30,5,5,10,
2,4,VI 35,41,24,230420,135136,4,1626,30,16,314,0,0,6,23,0,0,5,5,0,10,200,245,9,0,2,8,10,215,352,9,31,5,5,10,
2,4,VI 35,42,25,230421,135215,4,1639,30,5,277,0,0,14,21,0,1,5,4,0,10,380,221,9,0,2,8,10,343,333,6,37,5,5,10,
2,4,VI 35,43,26,230424,135554,4,1620,30,17,295,0,0,3,28,0,0,5,5,0,10,221,262,9,0,2,8,10,248,344,2,29,5,5,10,
2,4,VI 35,44,27,230425,135339,4,1621,30,5,351,0,0,4,38,0,0,5,5,0,10,277,262,4,0,2,8,10,128,372,5,39,5,5,10,
2,34,VI 4.75,1,1,230216,145539,3,726,30,36,81,15,6,9,59,1,3,3,3,4,6,302,106,25,16,2,8,10,94,116,27,87,5,5,10,
2,34,VI 4.75,2,2,230217,150915,3,716,30,39,68,0,11,12,49,0,3,5,2,2,8,275,80,24,16,2,8,10,65,112,17,70,5,5,10,
2,34,VI 4.75,3,3,230220,150712,3,730,30,21,76,2,0,30,60,1,0,5,4,2,8,381,39,16,19,2,8,10,120,87,23,49,5,5,10,
2,34,VI 4.75,4,4,230221,150639,3,871,30,33,53,0,0,0,40,0,2,4,4,2,8,386,36,19,2,2,8,10,825,66,22,39,5,5,10,
2,34,VI 4.75,5,5,230222,150341,3,838,30,4,60,0,0,6,17,0,2,3,5,1,9,169,30,14,17,2,8,10,81,104,15,40,5,5,10,
2,34,VI 4.75,6,6,230223,150601,3,792,30,7,91,10,1,21,22,1,1,4,4,2,8,137,64,27,1,2,8,10,80,64,19,37,5,5,10,
2,34,VI 4.75,7,7,230224,145638,3,769,30,4,95,0,0,11,22,0,0,5,5,1,9,252,72,14,2,2,8,10,92,91,15,24,5,5,10,
2,34,VI 4.75,8,8,230227,145717,3,740,30,0,98,0,0,18,31,0,0,5,5,0,10,292,89,43,16,2,8,10,62,103,6,37,5,5,10,
2,34,VI 4.75,9,9,230228,150301,3,719,30,1,107,0,11,11,26,0,1,5,4,1,9,246,54,29,17,2,8,10,62,109,19,20,5,5,10,
2,34,VI 4.75,10,10,230301,144739,3,740,30,0,106,0,0,12,31,0,0,5,5,0,10,247,87,28,62,2,8,10,114,82,10,37,5,5,10,
2,34,VI 4.75,11,11,230302,151401,3,722,30,3,90,0,0,13,31,0,0,5,5,1,9,168,82,39,71,2,8,10,62,101,7,22,5,5,10,
2,34,VI 4.75,12,12,230303,145543,3,722,30,1,103,0,0,13,18,0,0,5,5,0,10,153,73,25,41,2,8,10,57,102,10,15,5,5,10,
2,34,VI 4.75,13,13,230306,150901,3,724,30,2,94,0,12,23,19,0,1,4,5,1,9,109,83,34,76,2,8,10,62,112,5,44,5,5,10,
2,34,VI 4.75,14,14,230307,145727,3,713,30,4,87,0,6,4,25,0,1,4,5,2,8,118,73,33,93,2,8,10,56,95,4,33,5,5,10,
2,34,VI 4.75,15,15,230308,144320,3,709,30,0,100,0,0,3,19,0,0,5,5,0,10,90,79,30,59,2,8,10,62,98,11,29,5,5,10,
2,34,VI 4.75,16,16,230309,145416,3,707,30,0,99,0,0,6,21,0,0,5,5,0,10,112,110,33,52,2,8,10,55,103,11,14,5,5,10,
2,34,VI 4.75,17,17,230310,145056,3,724,30,39,76,0,2,4,15,0,2,4,4,4,6,83,124,23,24,2,8,10,70,111,8,25,5,5,10,
2,34,VI 35,18,1,230320,150047,3,1616,30,37,392,0,0,6,36,0,0,5,5,1,9,182,376,10,35,2,8,10,121,423,12,27,5,5,10,
2,34,VI 35,19,2,230321,150143,3,1611,30,91,419,0,0,4,35,0,0,5,5,1,9,103,457,16,6,2,8,10,75,519,5,23,5,5,10,
2,34,VI 35,20,3,230322,150027,3,1620,30,30,503,0,0,10,36,0,0,5,5,1,9,149,444,14,5,2,8,10,84,511,11,29,5,5,10,
2,34,VI 35,21,4,230323,150204,3,1616,30,6,516,0,0,11,22,0,0,5,5,1,9,82,513,15,0,2,8,10,116,487,7,27,5,5,10,
2,34,VI 35,22,5,230324,143758,3,1621,30,19,499,0,0,7,43,0,0,5,5,0,10,148,458,22,15,2,8,10,92,479,7,38,5,5,10,
2,34,VI 35,23,6,230327,144214,3,1623,30,2,453,0,0,21,36,0,0,5,5,0,10,227,315,24,6,2,8,10,66,424,13,29,5,5,10,
2,34,VI 35,24,7,230328,150500,3,1627,30,3,442,0,0,10,32,0,0,5,5,0,10,332,355,28,7,2,8,10,121,422,18,32,5,5,10,
2,34,VI 35,25,8,230329,144100,3,1638,30,2,356,0,0,5,45,0,0,5,5,0,10,266,363,19,5,2,8,10,73,382,13,36,5,5,10,
2,34,VI 35,26,9,230330,150113,3,1624,30,2,391,0,0,9,27,0,1,4,5,1,9,156,333,19,4,2,8,10,103,413,13,26,5,5,10,
2,34,VI 35,27,10,230403,,,,,,,,,,,,,,,,,,,,,,,,,,,,,,,4/3 power went out
2,34,VI 35,28,11,230406,145051,3,1621,30,0,280,0,0,6,19,0,0,5,5,0,10,305,285,13,49,2,8,10,265,297,4,16,5,5,10,4/4 ran wrong program
2,34,VI 35,29,12,230407,144432,3,1628,30,2,341,0,0,14,25,0,0,5,5,1,9,511,332,18,37,2,8,10,190,397,6,32,5,5,10,
2,34,VI 35,30,13,230410,144411,3,1627,30,0,438,0,0,8,35,0,0,5,5,0,10,194,346,17,18,2,8,10,100,461,11,34,5,5,10,
2,34,VI 35,31,14,230411,144651,3,1616,30,1,393,0,0,9,28,0,0,5,5,0,10,205,331,12,51,2,8,10,111,461,16,31,5,5,10,
2,34,VI 35,32,15,230412,145418,3,1628,30,4,389,0,0,12,30,0,0,5,5,1,9,497,316,19,67,2,8,10,105,387,16,32,5,5,10,
2,34,VI 35,33,16,230413,150357,3,1620,30,3,421,0,0,14,32,0,0,5,5,0,10,226,362,20,17,2,8,10,82,487,13,31,5,5,10,
2,34,VI 35,34,17,230414,145345,3,1626,30,1,405,0,0,8,26,0,0,5,5,1,9,257,343,21,7,2,8,10,67,417,12,29,5,5,10,
2,34,VI 35,35,18,230417,152335,3,1619,30,3,402,0,0,29,38,0,1,5,4,0,10,231,357,26,9,2,8,10,127,386,24,40,5,5,10,
2,34,VI 35,36,19,230418,150017,3,1631,30,1,353,0,0,10,23,0,0,5,5,0,10,211,296,18,0,2,8,10,138,334,7,27,5,5,10,
2,34,VI 35,37,20,230419,145239,3,1628,30,3,428,0,0,10,32,0,0,5,5,0,10,141,341,13,1,2,8,10,74,394,7,30,5,5,10,
2,34,VI 35,38,21,230420,150639,3,1617,30,0,425,0,0,24,30,0,0,5,5,0,10,404,361,33,0,2,8,9,107,402,13,25,5,5,10,
2,34,VI 35,39,22,230421,144506,3,1621,30,0,448,0,0,10,21,0,0,5,5,0,10,184,456,17,1,2,8,10,100,428,9,24,5,5,10,
2,34,VI 35,40,23,230424,150223,3,1621,30,1,462,0,0,14,30,0,0,5,5,1,9,137,367,32,20,2,8,10,118,440,8,21,5,5,10,
2,34,VI 35,41,24,230425,144641,3,1625,30,1,420,0,0,24,25,0,0,5,5,0,10,220,355,24,24,2,8,10,64,446,8,26,5,5,10,
2,34,VI 35,42,25,230426,145410,3,1613,30,0,394,0,0,9,20,0,0,5,5,0,10,228,356,23,0,2,8,10,174,389,7,29,5,5,10,
2,34,VI 35,43,26,230427,145150,3,1622,30,0,386,0,0,6,30,0,0,5,5,0,10,292,432,18,1,2,8,10,120,385,11,18,5,5,10,
2,34,VI 35,44,27,230428,150358,3,1624,30,0,390,0,0,16,15,0,0,5,5,0,10,443,339,18,19,2,8,10,127,401,4,21,5,5,10,
